チーム,選手名,園田 賢,村上 淳,鈴木 たろう,丸山 奏子,二階堂 亜樹,勝又 健志,松ヶ瀬 隆弥,二階堂 瑠美,内川 幸太郎,岡田 紗佳,沢崎 誠,堀 慎吾,滝沢 和典,佐々木 寿人,高宮 まり,伊達 朱里紗,多井 隆晴,白鳥 翔,松本 吉弘,日向 藍子,魚谷 侑未,近藤 誠一,茅森 早香,東城 りお,萩原 聖人,瀬戸熊 直樹,黒沢 咲,本田 朋広,小林 剛,朝倉 康心,石橋 伸洋,瑞原 明奈
MLeague_stats2021-11-10,試合数,7.0,6.0,6.0,3.0,4.0,6.0,7.0,5.0,4.0,5.0,5.0,8.0,6.0,6.0,5.0,5.0,6.0,5.0,6.0,5.0,7.0,6.0,4.0,5.0,6.0,6.0,5.0,5.0,5.0,7.0,5.0,5.0
MLeague_stats2021-11-10,総局数,78.0,63.0,67.0,29.0,51.0,71.0,75.0,58.0,54.0,51.0,59.0,88.0,70.0,72.0,61.0,56.0,65.0,60.0,65.0,48.0,73.0,70.0,44.0,55.0,76.0,64.0,57.0,59.0,61.0,89.0,55.0,48.0
MLeague_stats2021-11-10,ポイント,64.9,-250.8,40.0,83.2,30.0,233.0,108.4,27.4,-99.8,-53.0,71.7,36.8,45.2,74.9,-38.7,13.9,38.8,-32.6,98.5,-135.7,26.9,-155.5,-45.3,-30.9,-109.7,60.9,-88.9,-37.4,-75.1,75.1,-68.9,92.7
MLeague_stats2021-11-10,平着,2.28,3.33,2.33,1.66,2.25,1.5,2.14,2.4,3.25,2.7,2.2,2.31,2.33,2.33,2.7,2.4,2.33,2.6,2.0,3.2,2.42,3.16,2.75,3.0,3.0,2.33,3.0,2.7,3.0,2.14,2.8,1.8
MLeague_stats2021-11-10,1位,2.0,1.0,3.0,2.0,1.0,4.0,3.0,2.0,0.0,0.0,2.0,1.0,2.0,3.0,1.0,1.0,2.0,0.0,1.0,0.0,2.0,0.0,1.0,1.0,1.0,2.0,1.0,1.0,1.0,1.0,0.0,1.0
MLeague_stats2021-11-10,2位,2.0,0.0,0.0,0.0,2.0,1.0,1.0,1.0,1.0,2.0,1.0,4.0,1.0,0.0,0.0,1.0,1.0,2.0,4.0,1.0,1.0,2.0,1.0,1.0,1.0,2.0,0.0,1.0,0.0,4.0,2.0,4.0
MLeague_stats2021-11-10,3位,2.0,1.0,1.0,1.0,0.0,1.0,2.0,0.0,1.0,2.0,1.0,2.0,2.0,1.0,3.0,3.0,2.0,3.0,1.0,2.0,3.0,1.0,0.0,0.0,1.0,0.0,2.0,1.0,2.0,2.0,2.0,0.0
MLeague_stats2021-11-10,4位,1.0,4.0,2.0,0.0,1.0,0.0,1.0,2.0,2.0,1.0,1.0,1.0,1.0,2.0,1.0,0.0,1.0,0.0,0.0,2.0,1.0,3.0,2.0,3.0,3.0,2.0,2.0,2.0,2.0,0.0,1.0,0.0
MLeague_stats2021-11-10,トップ率,0.28,0.16,0.5,0.66,0.25,0.66,0.42,0.4,0.0,0.0,0.4,0.12,0.33,0.5,0.2,0.2,0.33,0.0,0.16,0.0,0.28,0.0,0.25,0.2,0.16,0.33,0.2,0.2,0.2,0.14,0.0,0.2
MLeague_stats2021-11-10,連対率,0.57,0.16,0.5,0.66,0.75,0.83,0.57,0.6,0.25,0.4,0.6,0.62,0.5,0.5,0.2,0.4,0.5,0.4,0.83,0.2,0.42,0.33,0.5,0.4,0.33,0.66,0.2,0.4,0.2,0.71,0.4,1.0
MLeague_stats2021-11-10,ラス回避率,0.85,0.33,0.66,1.0,0.75,1.0,0.85,0.6,0.5,0.8,0.8,0.87,0.83,0.66,0.8,1.0,0.83,1.0,1.0,0.6,0.85,0.5,0.5,0.4,0.5,0.66,0.6,0.6,0.6,1.0,0.8,1.0
MLeague_stats2021-11-10,ベストスコア,44600.0,45200.0,47900.0,35600.0,53000.0,48800.0,48400.0,66700.0,29600.0,33500.0,48200.0,43900.0,62600.0,56200.0,45500.0,40700.0,51900.0,43500.0,45400.0,35400.0,44800.0,38400.0,52300.0,77200.0,38600.0,48400.0,30400.0,47400.0,40800.0,44900.0,37500.0,33300.0
MLeague_stats2021-11-10,平均打点,4331.57,8720.0,6500.0,5100.0,6109.09,6811.11,7393.75,7300.0,8580.0,6008.33,6371.42,6325.0,6847.05,6654.54,5578.57,7955.55,5483.33,6575.0,7682.35,5150.0,6853.33,6442.85,6800.0,6550.0,5646.15,7238.46,5766.66,8560.0,8440.0,5063.15,5845.45,3806.66
MLeague_stats2021-11-10,副露率,0.34,0.2,0.14,0.34,0.21,0.33,0.12,0.15,0.18,0.21,0.23,0.21,0.1,0.12,0.18,0.26,0.15,0.2,0.23,0.16,0.21,0.15,0.18,0.2,0.14,0.12,0.08,0.25,0.18,0.28,0.34,0.22
MLeague_stats2021-11-10,リーチ率,0.19,0.25,0.19,0.2,0.13,0.15,0.26,0.22,0.16,0.25,0.16,0.19,0.22,0.23,0.24,0.23,0.27,0.18,0.18,0.27,0.17,0.15,0.36,0.25,0.19,0.29,0.22,0.13,0.27,0.22,0.16,0.31
MLeague_stats2021-11-10,アガリ率,0.24,0.07,0.19,0.24,0.21,0.25,0.21,0.22,0.09,0.23,0.23,0.22,0.24,0.15,0.22,0.16,0.18,0.2,0.26,0.12,0.2,0.1,0.15,0.25,0.17,0.2,0.21,0.16,0.16,0.21,0.2,0.31
MLeague_stats2021-11-10,放銃率,0.05,0.26,0.13,0.13,0.11,0.05,0.13,0.13,0.11,0.13,0.08,0.1,0.11,0.06,0.09,0.16,0.09,0.11,0.07,0.1,0.1,0.11,0.13,0.09,0.1,0.12,0.15,0.15,0.14,0.06,0.1,0.12
MLeague_stats2021-11-10,放銃平均打点,7200.0,6982.35,6200.0,3475.0,4483.33,4700.0,3540.0,6587.5,3800.0,5985.71,5340.0,6333.33,4075.0,2900.0,5766.66,4855.55,6116.66,5128.57,5440.0,4680.0,6075.0,5037.5,8083.33,4880.0,5512.5,5287.5,6744.44,6344.44,6555.55,4083.33,4883.33,3750.0
MLeague_stats2021-11-10,チーム,drivens,drivens,drivens,drivens,EX,EX,EX,EX,sakura,sakura,sakura,sakura,konami,konami,konami,konami,abemas,abemas,abemas,abemas,sega_summy,sega_summy,sega_summy,sega_summy,raiden,raiden,raiden,raiden,u-next,u-next,u-next,u-next
MLeague_stats2021-11-07,試合数,6.0,5.0,6.0,3.0,4.0,5.0,6.0,5.0,4.0,4.0,5.0,7.0,5.0,6.0,4.0,5.0,5.0,5.0,5.0,5.0,6.0,6.0,4.0,4.0,5.0,5.0,5.0,5.0,4.0,7.0,5.0,4.0
MLeague_stats2021-11-07,総局数,70.0,54.0,67.0,29.0,51.0,56.0,67.0,58.0,54.0,42.0,59.0,80.0,62.0,72.0,52.0,56.0,57.0,60.0,50.0,48.0,65.0,70.0,44.0,46.0,61.0,56.0,57.0,59.0,46.0,89.0,55.0,40.0
MLeague_stats2021-11-07,ポイント,1.9,-316.0,40.0,83.2,30.0,164.2,127.1,27.4,-99.8,-43.9,71.7,28.8,96.2,74.9,-29.6,13.9,81.8,-32.6,77.1,-135.7,46.9,-155.5,-45.3,16.1,-48.3,50.1,-88.9,-37.4,-46.3,75.1,-68.9,41.8
MLeague_stats2021-11-07,平着,2.5,3.8,2.33,1.66,2.25,1.6,2.0,2.4,3.25,2.75,2.2,2.35,2.0,2.33,2.75,2.4,2.0,2.6,2.0,3.2,2.33,3.16,2.75,2.75,2.8,2.4,3.0,2.7,3.0,2.14,2.8,2.0
MLeague_stats2021-11-07,1位,1.0,0.0,3.0,2.0,1.0,3.0,3.0,2.0,0.0,0.0,2.0,1.0,2.0,3.0,1.0,1.0,2.0,0.0,1.0,0.0,2.0,0.0,1.0,1.0,1.0,2.0,1.0,1.0,1.0,1.0,0.0,0.0
MLeague_stats2021-11-07,2位,2.0,0.0,0.0,0.0,2.0,1.0,1.0,1.0,1.0,2.0,1.0,3.0,1.0,0.0,0.0,1.0,1.0,2.0,3.0,1.0,1.0,2.0,1.0,1.0,1.0,1.0,0.0,1.0,0.0,4.0,2.0,4.0
MLeague_stats2021-11-07,3位,2.0,1.0,1.0,1.0,0.0,1.0,1.0,0.0,1.0,1.0,1.0,2.0,2.0,1.0,2.0,3.0,2.0,3.0,1.0,2.0,2.0,1.0,0.0,0.0,1.0,0.0,2.0,1.0,1.0,2.0,2.0,0.0
MLeague_stats2021-11-07,4位,1.0,4.0,2.0,0.0,1.0,0.0,1.0,2.0,2.0,1.0,1.0,1.0,0.0,2.0,1.0,0.0,0.0,0.0,0.0,2.0,1.0,3.0,2.0,2.0,2.0,2.0,2.0,2.0,2.0,0.0,1.0,0.0
MLeague_stats2021-11-07,トップ率,0.16,0.0,0.5,0.66,0.25,0.6,0.5,0.4,0.0,0.0,0.4,0.14,0.4,0.5,0.25,0.2,0.4,0.0,0.2,0.0,0.33,0.0,0.25,0.25,0.2,0.4,0.2,0.2,0.25,0.14,0.0,0.0
MLeague_stats2021-11-07,連対率,0.5,0.0,0.5,0.66,0.75,0.8,0.66,0.6,0.25,0.5,0.6,0.57,0.6,0.5,0.25,0.4,0.6,0.4,0.8,0.2,0.5,0.33,0.5,0.5,0.4,0.6,0.2,0.4,0.25,0.71,0.4,1.0
MLeague_stats2021-11-07,ラス回避率,0.83,0.2,0.66,1.0,0.75,1.0,0.83,0.6,0.5,0.75,0.8,0.85,1.0,0.66,0.75,1.0,1.0,1.0,1.0,0.6,0.83,0.5,0.5,0.5,0.6,0.6,0.6,0.6,0.5,1.0,0.8,1.0
MLeague_stats2021-11-07,ベストスコア,44600.0,10600.0,47900.0,35600.0,53000.0,48400.0,48400.0,66700.0,29600.0,33500.0,48200.0,43900.0,62600.0,56200.0,45500.0,40700.0,51900.0,43500.0,45400.0,35400.0,44800.0,38400.0,52300.0,77200.0,38600.0,48400.0,30400.0,47400.0,40800.0,44900.0,37500.0,33300.0
MLeague_stats2021-11-07,平均打点,4086.66,8600.0,6500.0,5100.0,6109.09,6358.33,7086.66,7300.0,8580.0,5910.0,6371.42,6138.88,7025.0,6654.54,5927.27,7955.55,5618.18,6575.0,7123.07,5150.0,6485.71,6442.85,6800.0,6438.46,5875.0,8370.0,5766.66,8560.0,6628.57,5063.15,5845.45,3784.61
MLeague_stats2021-11-07,副露率,0.35,0.18,0.14,0.34,0.21,0.33,0.1,0.15,0.18,0.21,0.23,0.23,0.08,0.12,0.13,0.26,0.14,0.2,0.26,0.16,0.23,0.15,0.18,0.17,0.18,0.1,0.08,0.25,0.21,0.28,0.34,0.25
MLeague_stats2021-11-07,リーチ率,0.2,0.29,0.19,0.2,0.13,0.14,0.28,0.22,0.16,0.28,0.16,0.18,0.24,0.23,0.23,0.23,0.26,0.18,0.18,0.27,0.16,0.15,0.36,0.28,0.19,0.28,0.22,0.13,0.19,0.22,0.16,0.35
MLeague_stats2021-11-07,アガリ率,0.21,0.03,0.19,0.24,0.21,0.21,0.22,0.22,0.09,0.23,0.23,0.22,0.25,0.15,0.21,0.16,0.19,0.2,0.26,0.12,0.21,0.1,0.15,0.28,0.19,0.17,0.21,0.16,0.15,0.21,0.2,0.32
MLeague_stats2021-11-07,放銃率,0.05,0.29,0.13,0.13,0.11,0.03,0.1,0.13,0.11,0.11,0.08,0.11,0.11,0.06,0.09,0.16,0.08,0.11,0.08,0.1,0.09,0.11,0.13,0.08,0.13,0.12,0.15,0.15,0.13,0.06,0.1,0.15
MLeague_stats2021-11-07,放銃平均打点,7200.0,7356.25,6200.0,3475.0,4483.33,1950.0,3571.42,6587.5,3800.0,6520.0,5340.0,6333.33,3514.28,2900.0,5320.0,4855.55,4940.0,5128.57,6300.0,4680.0,6600.0,5037.5,8083.33,4100.0,5512.5,5485.71,6744.44,6344.44,4966.66,4083.33,4883.33,3750.0
MLeague_stats2021-11-07,チーム,drivens,drivens,drivens,drivens,EX,EX,EX,EX,sakura,sakura,sakura,sakura,konami,konami,konami,konami,abemas,abemas,abemas,abemas,sega_summy,sega_summy,sega_summy,sega_summy,raiden,raiden,raiden,raiden,u-next,u-next,u-next,u-next
MLeague_stats2021-11-13,試合数,7.0,6.0,7.0,4.0,5.0,7.0,7.0,5.0,5.0,5.0,6.0,8.0,6.0,7.0,5.0,6.0,6.0,6.0,6.0,6.0,8.0,7.0,4.0,5.0,6.0,6.0,5.0,7.0,6.0,8.0,5.0,5.0
MLeague_stats2021-11-13,総局数,78.0,63.0,84.0,40.0,63.0,84.0,75.0,58.0,67.0,51.0,71.0,88.0,70.0,83.0,61.0,73.0,65.0,71.0,65.0,65.0,85.0,83.0,44.0,55.0,76.0,64.0,57.0,84.0,72.0,106.0,55.0,48.0
MLeague_stats2021-11-13,ポイント,64.9,-250.8,57.2,97.0,41.4,303.5,108.4,27.4,-156.1,-53.0,133.3,36.8,45.2,26.7,-38.7,92.4,38.8,24.6,98.5,-143.9,-26.7,-141.3,-45.3,-30.9,-109.7,60.9,-88.9,-85.2,-97.9,-12.4,-68.9,92.7
MLeague_stats2021-11-13,平着,2.28,3.33,2.28,1.75,2.2,1.42,2.14,2.4,3.4,2.7,2.0,2.31,2.33,2.57,2.7,2.16,2.33,2.33,2.0,3.16,2.62,3.0,2.75,3.0,3.0,2.33,3.0,2.78,3.0,2.37,2.8,1.8
MLeague_stats2021-11-13,1位,2.0,1.0,3.0,2.0,1.0,5.0,3.0,2.0,0.0,0.0,3.0,1.0,2.0,3.0,1.0,2.0,2.0,1.0,1.0,0.0,2.0,0.0,1.0,1.0,1.0,2.0,1.0,1.0,1.0,1.0,0.0,1.0
MLeague_stats2021-11-13,2位,2.0,0.0,1.0,1.0,3.0,1.0,1.0,1.0,1.0,2.0,1.0,4.0,1.0,0.0,0.0,1.0,1.0,2.0,4.0,1.0,1.0,3.0,1.0,1.0,1.0,2.0,0.0,1.0,0.0,4.0,2.0,4.0
MLeague_stats2021-11-13,3位,2.0,1.0,1.0,1.0,0.0,1.0,2.0,0.0,1.0,2.0,1.0,2.0,2.0,1.0,3.0,3.0,2.0,3.0,1.0,3.0,3.0,1.0,0.0,0.0,1.0,0.0,2.0,3.0,3.0,2.0,2.0,0.0
MLeague_stats2021-11-13,4位,1.0,4.0,2.0,0.0,1.0,0.0,1.0,2.0,3.0,1.0,1.0,1.0,1.0,3.0,1.0,0.0,1.0,0.0,0.0,2.0,2.0,3.0,2.0,3.0,3.0,2.0,2.0,2.0,2.0,1.0,1.0,0.0
MLeague_stats2021-11-13,トップ率,0.28,0.16,0.42,0.5,0.2,0.71,0.42,0.4,0.0,0.0,0.5,0.12,0.33,0.42,0.2,0.33,0.33,0.16,0.16,0.0,0.25,0.0,0.25,0.2,0.16,0.33,0.2,0.14,0.16,0.12,0.0,0.2
MLeague_stats2021-11-13,連対率,0.57,0.16,0.57,0.75,0.8,0.85,0.57,0.6,0.2,0.4,0.66,0.62,0.5,0.42,0.2,0.5,0.5,0.5,0.83,0.16,0.37,0.42,0.5,0.4,0.33,0.66,0.2,0.28,0.16,0.62,0.4,1.0
MLeague_stats2021-11-13,ラス回避率,0.85,0.33,0.71,1.0,0.8,1.0,0.85,0.6,0.4,0.8,0.83,0.87,0.83,0.57,0.8,1.0,0.83,1.0,1.0,0.66,0.75,0.57,0.5,0.4,0.5,0.66,0.6,0.71,0.66,0.87,0.8,1.0
MLeague_stats2021-11-13,ベストスコア,44600.0,45200.0,47900.0,35600.0,53000.0,50500.0,48400.0,66700.0,29600.0,33500.0,48200.0,43900.0,62600.0,56200.0,45500.0,58500.0,51900.0,43500.0,45400.0,35400.0,44800.0,38400.0,52300.0,77200.0,38600.0,48400.0,30400.0,47400.0,40800.0,44900.0,37500.0,33300.0
MLeague_stats2021-11-13,平均打点,4331.57,8720.0,7366.66,5181.81,6507.14,6483.33,7393.75,7300.0,7483.33,6008.33,6752.94,6325.0,6847.05,6191.66,5578.57,8160.0,5483.33,6631.25,7682.35,5320.0,6988.23,6900.0,6800.0,6550.0,5646.15,7238.46,5766.66,7925.0,7533.33,4910.0,5845.45,3806.66
MLeague_stats2021-11-13,副露率,0.34,0.2,0.19,0.32,0.2,0.34,0.12,0.15,0.19,0.21,0.21,0.21,0.1,0.13,0.18,0.24,0.15,0.19,0.23,0.16,0.22,0.13,0.18,0.2,0.14,0.12,0.08,0.22,0.19,0.27,0.34,0.22
MLeague_stats2021-11-13,リーチ率,0.19,0.25,0.19,0.22,0.14,0.15,0.26,0.22,0.16,0.25,0.18,0.19,0.22,0.2,0.24,0.21,0.27,0.19,0.18,0.23,0.17,0.16,0.36,0.25,0.19,0.29,0.22,0.15,0.23,0.21,0.16,0.31
MLeague_stats2021-11-13,アガリ率,0.24,0.07,0.17,0.27,0.22,0.28,0.21,0.22,0.08,0.23,0.23,0.22,0.24,0.14,0.22,0.2,0.18,0.22,0.26,0.15,0.2,0.12,0.15,0.25,0.17,0.2,0.21,0.14,0.16,0.18,0.2,0.31
MLeague_stats2021-11-13,放銃率,0.05,0.26,0.11,0.12,0.11,0.05,0.13,0.13,0.13,0.13,0.07,0.1,0.11,0.07,0.09,0.15,0.09,0.11,0.07,0.09,0.14,0.12,0.13,0.09,0.1,0.12,0.15,0.13,0.13,0.08,0.1,0.12
MLeague_stats2021-11-13,放銃平均打点,7200.0,6982.35,5970.0,3180.0,5557.14,5360.0,3540.0,6587.5,3988.88,5985.71,5340.0,6333.33,4075.0,2750.0,5766.66,4881.81,6116.66,5450.0,5440.0,4233.33,6841.66,5430.0,8083.33,4880.0,5512.5,5287.5,6744.44,6272.72,6160.0,6722.22,4883.33,3750.0
MLeague_stats2021-11-13,チーム,drivens,drivens,drivens,drivens,EX,EX,EX,EX,sakura,sakura,sakura,sakura,konami,konami,konami,konami,abemas,abemas,abemas,abemas,sega_summy,sega_summy,sega_summy,sega_summy,raiden,raiden,raiden,raiden,u-next,u-next,u-next,u-next
MLeague_stats2021-11-06,試合数,6.0,5.0,6.0,3.0,4.0,5.0,6.0,5.0,4.0,4.0,5.0,7.0,5.0,6.0,4.0,5.0,5.0,5.0,5.0,5.0,6.0,6.0,4.0,4.0,5.0,5.0,5.0,5.0,4.0,7.0,5.0,4.0
MLeague_stats2021-11-06,総局数,70.0,54.0,67.0,29.0,51.0,56.0,67.0,58.0,54.0,42.0,59.0,80.0,62.0,72.0,52.0,56.0,57.0,60.0,50.0,48.0,65.0,70.0,44.0,46.0,61.0,56.0,57.0,59.0,46.0,89.0,55.0,40.0
MLeague_stats2021-11-06,ポイント,1.9,-316.0,40.0,83.2,30.0,164.2,127.1,27.4,-99.8,-43.9,71.7,28.8,96.2,74.9,-29.6,13.9,81.8,-32.6,77.1,-135.7,46.9,-155.5,-45.3,16.1,-48.3,50.1,-88.9,-37.4,-46.3,75.1,-68.9,41.8
MLeague_stats2021-11-06,平着,2.5,3.8,2.33,1.66,2.25,1.6,2.0,2.4,3.25,2.75,2.2,2.35,2.0,2.33,2.75,2.4,2.0,2.6,2.0,3.2,2.33,3.16,2.75,2.75,2.8,2.4,3.0,2.7,3.0,2.14,2.8,2.0
MLeague_stats2021-11-06,1位,1.0,0.0,3.0,2.0,1.0,3.0,3.0,2.0,0.0,0.0,2.0,1.0,2.0,3.0,1.0,1.0,2.0,0.0,1.0,0.0,2.0,0.0,1.0,1.0,1.0,2.0,1.0,1.0,1.0,1.0,0.0,0.0
MLeague_stats2021-11-06,2位,2.0,0.0,0.0,0.0,2.0,1.0,1.0,1.0,1.0,2.0,1.0,3.0,1.0,0.0,0.0,1.0,1.0,2.0,3.0,1.0,1.0,2.0,1.0,1.0,1.0,1.0,0.0,1.0,0.0,4.0,2.0,4.0
MLeague_stats2021-11-06,3位,2.0,1.0,1.0,1.0,0.0,1.0,1.0,0.0,1.0,1.0,1.0,2.0,2.0,1.0,2.0,3.0,2.0,3.0,1.0,2.0,2.0,1.0,0.0,0.0,1.0,0.0,2.0,1.0,1.0,2.0,2.0,0.0
MLeague_stats2021-11-06,4位,1.0,4.0,2.0,0.0,1.0,0.0,1.0,2.0,2.0,1.0,1.0,1.0,0.0,2.0,1.0,0.0,0.0,0.0,0.0,2.0,1.0,3.0,2.0,2.0,2.0,2.0,2.0,2.0,2.0,0.0,1.0,0.0
MLeague_stats2021-11-06,トップ率,0.16,0.0,0.5,0.66,0.25,0.6,0.5,0.4,0.0,0.0,0.4,0.14,0.4,0.5,0.25,0.2,0.4,0.0,0.2,0.0,0.33,0.0,0.25,0.25,0.2,0.4,0.2,0.2,0.25,0.14,0.0,0.0
MLeague_stats2021-11-06,連対率,0.5,0.0,0.5,0.66,0.75,0.8,0.66,0.6,0.25,0.5,0.6,0.57,0.6,0.5,0.25,0.4,0.6,0.4,0.8,0.2,0.5,0.33,0.5,0.5,0.4,0.6,0.2,0.4,0.25,0.71,0.4,1.0
MLeague_stats2021-11-06,ラス回避率,0.83,0.2,0.66,1.0,0.75,1.0,0.83,0.6,0.5,0.75,0.8,0.85,1.0,0.66,0.75,1.0,1.0,1.0,1.0,0.6,0.83,0.5,0.5,0.5,0.6,0.6,0.6,0.6,0.5,1.0,0.8,1.0
MLeague_stats2021-11-06,ベストスコア,44600.0,10600.0,47900.0,35600.0,53000.0,48400.0,48400.0,66700.0,29600.0,33500.0,48200.0,43900.0,62600.0,56200.0,45500.0,40700.0,51900.0,43500.0,45400.0,35400.0,44800.0,38400.0,52300.0,77200.0,38600.0,48400.0,30400.0,47400.0,40800.0,44900.0,37500.0,33300.0
MLeague_stats2021-11-06,平均打点,4086.66,8600.0,6500.0,5100.0,6109.09,6358.33,7086.66,7300.0,8580.0,5910.0,6371.42,6138.88,7025.0,6654.54,5927.27,7955.55,5618.18,6575.0,7123.07,5150.0,6485.71,6442.85,6800.0,6438.46,5875.0,8370.0,5766.66,8560.0,6628.57,5063.15,5845.45,3784.61
MLeague_stats2021-11-06,副露率,0.35,0.18,0.14,0.34,0.21,0.33,0.1,0.15,0.18,0.21,0.23,0.23,0.08,0.12,0.13,0.26,0.14,0.2,0.26,0.16,0.23,0.15,0.18,0.17,0.18,0.1,0.08,0.25,0.21,0.28,0.34,0.25
MLeague_stats2021-11-06,リーチ率,0.2,0.29,0.19,0.2,0.13,0.14,0.28,0.22,0.16,0.28,0.16,0.18,0.24,0.23,0.23,0.23,0.26,0.18,0.18,0.27,0.16,0.15,0.36,0.28,0.19,0.28,0.22,0.13,0.19,0.22,0.16,0.35
MLeague_stats2021-11-06,アガリ率,0.21,0.03,0.19,0.24,0.21,0.21,0.22,0.22,0.09,0.23,0.23,0.22,0.25,0.15,0.21,0.16,0.19,0.2,0.26,0.12,0.21,0.1,0.15,0.28,0.19,0.17,0.21,0.16,0.15,0.21,0.2,0.32
MLeague_stats2021-11-06,放銃率,0.05,0.29,0.13,0.13,0.11,0.03,0.1,0.13,0.11,0.11,0.08,0.11,0.11,0.06,0.09,0.16,0.08,0.11,0.08,0.1,0.09,0.11,0.13,0.08,0.13,0.12,0.15,0.15,0.13,0.06,0.1,0.15
MLeague_stats2021-11-06,放銃平均打点,7200.0,7356.25,6200.0,3475.0,4483.33,1950.0,3571.42,6587.5,3800.0,6520.0,5340.0,6333.33,3514.28,2900.0,5320.0,4855.55,4940.0,5128.57,6300.0,4680.0,6600.0,5037.5,8083.33,4100.0,5512.5,5485.71,6744.44,6344.44,4966.66,4083.33,4883.33,3750.0
MLeague_stats2021-11-06,チーム,drivens,drivens,drivens,drivens,EX,EX,EX,EX,sakura,sakura,sakura,sakura,konami,konami,konami,konami,abemas,abemas,abemas,abemas,sega_summy,sega_summy,sega_summy,sega_summy,raiden,raiden,raiden,raiden,u-next,u-next,u-next,u-next
MLeague_stats2021-11-17,試合数,8.0,7.0,7.0,4.0,6.0,7.0,7.0,6.0,5.0,6.0,7.0,8.0,7.0,7.0,6.0,6.0,7.0,6.0,7.0,6.0,8.0,8.0,5.0,5.0,7.0,7.0,5.0,7.0,6.0,9.0,6.0,5.0
MLeague_stats2021-11-17,総局数,89.0,74.0,84.0,40.0,74.0,84.0,75.0,73.0,67.0,62.0,86.0,88.0,81.0,83.0,72.0,73.0,76.0,71.0,76.0,65.0,85.0,94.0,59.0,55.0,87.0,75.0,57.0,84.0,72.0,121.0,66.0,48.0
MLeague_stats2021-11-17,ポイント,71.2,-245.2,57.2,97.0,67.4,303.5,108.4,32.6,-156.1,-123.1,187.6,36.8,97.2,26.7,33.4,92.4,19.3,24.6,57.7,-143.9,-26.7,-64.1,-62.6,-30.9,-127.2,2.7,-88.9,-85.2,-97.9,-54.6,-102.0,92.7
MLeague_stats2021-11-17,平着,2.25,3.14,2.28,1.75,2.16,1.42,2.14,2.33,3.4,2.91,1.85,2.31,2.14,2.57,2.41,2.16,2.42,2.33,2.28,3.16,2.62,2.75,2.8,3.0,3.0,2.57,3.0,2.78,3.0,2.55,2.83,1.8
MLeague_stats2021-11-17,1位,2.0,1.0,3.0,2.0,1.0,5.0,3.0,2.0,0.0,0.0,4.0,1.0,3.0,3.0,2.0,2.0,2.0,1.0,1.0,0.0,2.0,1.0,1.0,1.0,1.0,2.0,1.0,1.0,1.0,1.0,0.0,1.0
MLeague_stats2021-11-17,2位,3.0,1.0,1.0,1.0,4.0,1.0,1.0,2.0,1.0,2.0,1.0,4.0,1.0,0.0,0.0,1.0,1.0,2.0,4.0,1.0,1.0,3.0,1.0,1.0,1.0,2.0,0.0,1.0,0.0,4.0,2.0,4.0
MLeague_stats2021-11-17,3位,2.0,1.0,1.0,1.0,0.0,1.0,2.0,0.0,1.0,2.0,1.0,2.0,2.0,1.0,3.0,3.0,3.0,3.0,1.0,3.0,3.0,1.0,1.0,0.0,2.0,0.0,2.0,3.0,3.0,2.0,3.0,0.0
MLeague_stats2021-11-17,4位,1.0,4.0,2.0,0.0,1.0,0.0,1.0,2.0,3.0,2.0,1.0,1.0,1.0,3.0,1.0,0.0,1.0,0.0,1.0,2.0,2.0,3.0,2.0,3.0,3.0,3.0,2.0,2.0,2.0,2.0,1.0,0.0
MLeague_stats2021-11-17,トップ率,0.25,0.14,0.42,0.5,0.16,0.71,0.42,0.33,0.0,0.0,0.57,0.12,0.42,0.42,0.33,0.33,0.28,0.16,0.14,0.0,0.25,0.12,0.2,0.2,0.14,0.28,0.2,0.14,0.16,0.11,0.0,0.2
MLeague_stats2021-11-17,連対率,0.62,0.28,0.57,0.75,0.83,0.85,0.57,0.66,0.2,0.33,0.71,0.62,0.57,0.42,0.33,0.5,0.42,0.5,0.71,0.16,0.37,0.5,0.4,0.4,0.28,0.57,0.2,0.28,0.16,0.55,0.33,1.0
MLeague_stats2021-11-17,ラス回避率,0.87,0.42,0.71,1.0,0.83,1.0,0.85,0.66,0.4,0.66,0.85,0.87,0.85,0.57,0.83,1.0,0.85,1.0,0.85,0.66,0.75,0.62,0.6,0.4,0.57,0.57,0.6,0.71,0.66,0.77,0.83,1.0
MLeague_stats2021-11-17,ベストスコア,44600.0,45200.0,47900.0,35600.0,53000.0,50500.0,48400.0,66700.0,29600.0,33500.0,48200.0,43900.0,62600.0,56200.0,52100.0,58500.0,51900.0,43500.0,45400.0,35400.0,44800.0,57200.0,52300.0,77200.0,38600.0,48400.0,30400.0,47400.0,40800.0,44900.0,37500.0,33300.0
MLeague_stats2021-11-17,平均打点,4680.95,6387.5,7366.66,5181.81,7123.52,6483.33,7393.75,7311.76,7483.33,6776.92,6668.42,6325.0,7178.94,6191.66,5966.66,8160.0,5164.28,6631.25,6965.0,5320.0,6988.23,7757.14,7511.11,6550.0,5960.0,7238.46,5766.66,7925.0,7533.33,5121.73,6053.84,3806.66
MLeague_stats2021-11-17,副露率,0.34,0.21,0.19,0.32,0.18,0.34,0.12,0.16,0.19,0.19,0.22,0.21,0.11,0.13,0.22,0.24,0.18,0.19,0.22,0.16,0.22,0.14,0.18,0.2,0.13,0.12,0.08,0.22,0.19,0.25,0.31,0.22
MLeague_stats2021-11-17,リーチ率,0.21,0.21,0.19,0.22,0.16,0.15,0.26,0.23,0.16,0.25,0.17,0.19,0.2,0.2,0.2,0.21,0.23,0.19,0.19,0.23,0.17,0.17,0.32,0.25,0.21,0.28,0.22,0.15,0.23,0.25,0.15,0.31
MLeague_stats2021-11-17,アガリ率,0.23,0.1,0.17,0.27,0.22,0.28,0.21,0.23,0.08,0.2,0.22,0.22,0.23,0.14,0.25,0.2,0.18,0.22,0.26,0.15,0.2,0.14,0.15,0.25,0.17,0.17,0.21,0.14,0.16,0.19,0.19,0.31
MLeague_stats2021-11-17,放銃率,0.04,0.22,0.11,0.12,0.1,0.05,0.13,0.15,0.13,0.16,0.05,0.1,0.11,0.07,0.08,0.15,0.11,0.11,0.06,0.09,0.14,0.11,0.15,0.09,0.11,0.16,0.15,0.13,0.13,0.09,0.1,0.12
MLeague_stats2021-11-17,放銃平均打点,7200.0,6982.35,5970.0,3180.0,5062.5,5360.0,3540.0,7336.36,3988.88,7990.0,5340.0,6333.33,3844.44,2750.0,5766.66,4881.81,4733.33,5450.0,5440.0,4233.33,6841.66,5518.18,7111.11,4880.0,5360.0,5308.33,6744.44,6272.72,6160.0,6945.45,6471.42,3750.0
MLeague_stats2021-11-17,チーム,drivens,drivens,drivens,drivens,EX,EX,EX,EX,sakura,sakura,sakura,sakura,konami,konami,konami,konami,abemas,abemas,abemas,abemas,sega_summy,sega_summy,sega_summy,sega_summy,raiden,raiden,raiden,raiden,u-next,u-next,u-next,u-next
MLeague_stats2021-11-03,試合数,5.0,5.0,5.0,3.0,3.0,5.0,6.0,4.0,4.0,4.0,4.0,6.0,4.0,5.0,4.0,5.0,5.0,4.0,5.0,4.0,6.0,5.0,4.0,3.0,4.0,5.0,5.0,4.0,4.0,6.0,4.0,4.0
MLeague_stats2021-11-03,総局数,61.0,54.0,56.0,29.0,38.0,56.0,67.0,47.0,54.0,42.0,50.0,69.0,49.0,61.0,52.0,56.0,57.0,49.0,50.0,39.0,65.0,61.0,44.0,35.0,50.0,56.0,57.0,46.0,46.0,78.0,42.0,40.0
MLeague_stats2021-11-03,ポイント,-62.7,-316.0,-27.9,83.2,32.3,164.2,127.1,15.2,-99.8,-43.9,63.6,22.4,13.6,14.6,-29.6,13.9,81.8,-8.8,77.1,-120.7,46.9,-97.8,-45.3,66.6,4.9,50.1,-88.9,-11.3,-46.3,94.4,-14.7,41.8
MLeague_stats2021-11-03,平着,2.8,3.8,2.6,1.66,2.33,1.6,2.0,2.5,3.25,2.75,2.25,2.41,2.25,2.6,2.75,2.4,2.0,2.5,2.0,3.25,2.33,3.0,2.75,2.33,2.5,2.4,3.0,2.62,3.0,2.0,2.5,2.0
MLeague_stats2021-11-03,1位,0.0,0.0,2.0,2.0,1.0,3.0,3.0,2.0,0.0,0.0,2.0,1.0,1.0,2.0,1.0,1.0,2.0,0.0,1.0,0.0,2.0,0.0,1.0,1.0,1.0,2.0,1.0,1.0,1.0,1.0,0.0,0.0
MLeague_stats2021-11-03,2位,2.0,0.0,0.0,0.0,1.0,1.0,1.0,0.0,1.0,2.0,0.0,2.0,1.0,0.0,0.0,1.0,1.0,2.0,3.0,1.0,1.0,2.0,1.0,1.0,1.0,1.0,0.0,1.0,0.0,4.0,2.0,4.0
MLeague_stats2021-11-03,3位,2.0,1.0,1.0,1.0,0.0,1.0,1.0,0.0,1.0,1.0,1.0,2.0,2.0,1.0,2.0,3.0,2.0,2.0,1.0,1.0,2.0,1.0,0.0,0.0,1.0,0.0,2.0,0.0,1.0,1.0,2.0,0.0
MLeague_stats2021-11-03,4位,1.0,4.0,2.0,0.0,1.0,0.0,1.0,2.0,2.0,1.0,1.0,1.0,0.0,2.0,1.0,0.0,0.0,0.0,0.0,2.0,1.0,2.0,2.0,1.0,1.0,2.0,2.0,2.0,2.0,0.0,0.0,0.0
MLeague_stats2021-11-03,トップ率,0.0,0.0,0.4,0.66,0.33,0.6,0.5,0.5,0.0,0.0,0.5,0.16,0.25,0.4,0.25,0.2,0.4,0.0,0.2,0.0,0.33,0.0,0.25,0.33,0.25,0.4,0.2,0.25,0.25,0.16,0.0,0.0
MLeague_stats2021-11-03,連対率,0.4,0.0,0.4,0.66,0.66,0.8,0.66,0.5,0.25,0.5,0.5,0.5,0.5,0.4,0.25,0.4,0.6,0.5,0.8,0.25,0.5,0.4,0.5,0.66,0.5,0.6,0.2,0.5,0.25,0.83,0.5,1.0
MLeague_stats2021-11-03,ラス回避率,0.8,0.2,0.6,1.0,0.66,1.0,0.83,0.5,0.5,0.75,0.75,0.83,1.0,0.6,0.75,1.0,1.0,1.0,1.0,0.5,0.83,0.6,0.5,0.66,0.75,0.6,0.6,0.5,0.5,1.0,1.0,1.0
MLeague_stats2021-11-03,ベストスコア,36300.0,10600.0,40000.0,35600.0,53000.0,48400.0,48400.0,66700.0,29600.0,33500.0,48200.0,43900.0,35300.0,56200.0,45500.0,40700.0,51900.0,43500.0,45400.0,35400.0,44800.0,38400.0,52300.0,77200.0,38600.0,48400.0,30400.0,47400.0,40800.0,44900.0,37500.0,33300.0
MLeague_stats2021-11-03,平均打点,3654.54,8600.0,6060.0,5100.0,6355.55,6358.33,7086.66,8560.0,8580.0,5910.0,6690.9,6181.25,6750.0,6355.55,5927.27,7955.55,5618.18,6290.0,7123.07,4640.0,6485.71,6442.85,6800.0,7254.54,6318.18,8370.0,5766.66,8737.5,6628.57,5762.5,5822.22,3784.61
MLeague_stats2021-11-03,副露率,0.36,0.18,0.16,0.34,0.21,0.33,0.1,0.1,0.18,0.21,0.22,0.27,0.04,0.14,0.13,0.26,0.14,0.16,0.26,0.12,0.23,0.14,0.18,0.17,0.2,0.1,0.08,0.23,0.21,0.28,0.35,0.25
MLeague_stats2021-11-03,リーチ率,0.18,0.29,0.21,0.2,0.15,0.14,0.28,0.27,0.16,0.28,0.16,0.14,0.22,0.19,0.23,0.23,0.26,0.12,0.18,0.33,0.16,0.16,0.36,0.28,0.2,0.28,0.22,0.13,0.19,0.23,0.14,0.35
MLeague_stats2021-11-03,アガリ率,0.18,0.03,0.17,0.24,0.23,0.21,0.22,0.21,0.09,0.23,0.22,0.23,0.2,0.14,0.21,0.16,0.19,0.2,0.26,0.12,0.21,0.11,0.15,0.31,0.22,0.17,0.21,0.17,0.15,0.2,0.21,0.32
MLeague_stats2021-11-03,放銃率,0.06,0.29,0.14,0.13,0.13,0.03,0.1,0.14,0.11,0.11,0.08,0.11,0.12,0.04,0.09,0.16,0.08,0.08,0.08,0.1,0.09,0.08,0.13,0.08,0.12,0.12,0.15,0.13,0.13,0.05,0.09,0.15
MLeague_stats2021-11-03,放銃平均打点,7200.0,7356.25,6812.5,3475.0,4600.0,1950.0,3571.42,7385.71,3800.0,6520.0,4750.0,6125.0,3766.66,3833.33,5320.0,4855.55,4940.0,4025.0,6300.0,4875.0,6600.0,4140.0,8083.33,3333.33,5183.33,5485.71,6744.44,8366.66,4966.66,4175.0,3400.0,3750.0
MLeague_stats2021-11-03,チーム,drivens,drivens,drivens,drivens,EX,EX,EX,EX,sakura,sakura,sakura,sakura,konami,konami,konami,konami,abemas,abemas,abemas,abemas,sega_summy,sega_summy,sega_summy,sega_summy,raiden,raiden,raiden,raiden,u-next,u-next,u-next,u-next
MLeague_stats2021-10-27,試合数,4.0,4.0,4.0,2.0,3.0,4.0,5.0,2.0,3.0,4.0,3.0,4.0,4.0,4.0,3.0,3.0,3.0,4.0,4.0,3.0,4.0,4.0,3.0,3.0,4.0,3.0,4.0,3.0,3.0,5.0,3.0,3.0
MLeague_stats2021-10-27,総局数,48.0,41.0,43.0,18.0,38.0,45.0,54.0,25.0,43.0,42.0,37.0,43.0,49.0,50.0,43.0,33.0,36.0,49.0,41.0,30.0,47.0,50.0,34.0,35.0,50.0,34.0,46.0,33.0,33.0,68.0,33.0,29.0
MLeague_stats2021-10-27,ポイント,-10.0,-247.0,27.8,27.6,32.3,110.1,147.4,29.3,-53.4,-43.9,83.4,-33.4,13.6,35.1,-15.2,44.3,6.1,-8.8,62.7,-59.0,-9.5,-58.1,20.5,66.6,4.9,-30.5,-70.7,-49.3,-107.1,79.7,-26.0,30.5
MLeague_stats2021-10-27,平着,2.5,3.75,2.25,2.0,2.33,1.75,1.8,2.5,3.0,2.75,2.0,2.75,2.25,2.5,2.66,2.0,2.33,2.5,2.0,3.0,2.5,2.75,2.33,2.33,2.5,3.0,3.0,3.0,3.66,2.0,2.66,2.0
MLeague_stats2021-10-27,1位,0.0,0.0,2.0,1.0,1.0,2.0,3.0,1.0,0.0,0.0,2.0,1.0,1.0,2.0,1.0,1.0,1.0,0.0,1.0,0.0,1.0,0.0,1.0,1.0,1.0,1.0,1.0,1.0,0.0,1.0,0.0,0.0
MLeague_stats2021-10-27,2位,2.0,0.0,0.0,0.0,1.0,1.0,1.0,0.0,1.0,2.0,0.0,0.0,1.0,0.0,0.0,1.0,0.0,2.0,2.0,1.0,1.0,2.0,1.0,1.0,1.0,0.0,0.0,0.0,0.0,3.0,1.0,3.0
MLeague_stats2021-10-27,3位,2.0,1.0,1.0,1.0,0.0,1.0,0.0,0.0,1.0,1.0,0.0,2.0,2.0,0.0,1.0,1.0,2.0,2.0,1.0,1.0,1.0,1.0,0.0,0.0,1.0,0.0,1.0,0.0,1.0,1.0,2.0,0.0
MLeague_stats2021-10-27,4位,0.0,3.0,1.0,0.0,1.0,0.0,1.0,1.0,1.0,1.0,1.0,1.0,0.0,2.0,1.0,0.0,0.0,0.0,0.0,1.0,1.0,1.0,1.0,1.0,1.0,2.0,2.0,2.0,2.0,0.0,0.0,0.0
MLeague_stats2021-10-27,トップ率,0.0,0.0,0.5,0.5,0.33,0.5,0.6,0.5,0.0,0.0,0.66,0.25,0.25,0.5,0.33,0.33,0.33,0.0,0.25,0.0,0.25,0.0,0.33,0.33,0.25,0.33,0.25,0.33,0.0,0.2,0.0,0.0
MLeague_stats2021-10-27,連対率,0.5,0.0,0.5,0.5,0.66,0.75,0.8,0.5,0.33,0.5,0.66,0.25,0.5,0.5,0.33,0.66,0.33,0.5,0.75,0.33,0.5,0.5,0.66,0.66,0.5,0.33,0.25,0.33,0.0,0.8,0.33,1.0
MLeague_stats2021-10-27,ラス回避率,1.0,0.25,0.75,1.0,0.66,1.0,0.8,0.5,0.66,0.75,0.66,0.75,1.0,0.5,0.66,1.0,1.0,1.0,1.0,0.66,0.75,0.75,0.66,0.66,0.75,0.33,0.5,0.33,0.33,1.0,1.0,1.0
MLeague_stats2021-10-27,ベストスコア,36300.0,10600.0,40000.0,34200.0,53000.0,48400.0,48400.0,66700.0,29600.0,33500.0,48200.0,43900.0,35300.0,56200.0,45500.0,40700.0,33900.0,43500.0,45400.0,35400.0,38100.0,38400.0,52300.0,77200.0,38600.0,41900.0,30400.0,47400.0,29000.0,44900.0,37500.0,33300.0
MLeague_stats2021-10-27,平均打点,3654.54,8600.0,6060.0,5625.0,6355.55,5845.45,7441.66,9616.66,8580.0,5910.0,6160.0,7950.0,6750.0,6900.0,5688.88,7371.42,5800.0,6290.0,6963.63,4640.0,5100.0,6983.33,6800.0,7254.54,6318.18,10666.66,5720.0,9180.0,9000.0,6069.23,4966.66,3390.9
MLeague_stats2021-10-27,副露率,0.43,0.21,0.16,0.33,0.21,0.31,0.11,0.12,0.18,0.21,0.18,0.2,0.04,0.16,0.16,0.27,0.11,0.16,0.24,0.16,0.23,0.16,0.11,0.17,0.2,0.11,0.1,0.27,0.18,0.27,0.33,0.27
MLeague_stats2021-10-27,リーチ率,0.14,0.31,0.18,0.22,0.15,0.17,0.29,0.24,0.18,0.28,0.21,0.13,0.22,0.24,0.23,0.27,0.25,0.12,0.17,0.3,0.14,0.16,0.35,0.28,0.2,0.23,0.21,0.15,0.21,0.23,0.12,0.31
MLeague_stats2021-10-27,アガリ率,0.22,0.04,0.23,0.22,0.23,0.24,0.22,0.24,0.11,0.23,0.27,0.18,0.2,0.16,0.2,0.21,0.11,0.2,0.26,0.16,0.19,0.12,0.2,0.31,0.22,0.08,0.21,0.15,0.12,0.19,0.18,0.37
MLeague_stats2021-10-27,放銃率,0.08,0.29,0.16,0.22,0.13,0.04,0.07,0.12,0.09,0.11,0.08,0.18,0.12,0.06,0.09,0.15,0.11,0.08,0.09,0.13,0.12,0.1,0.05,0.08,0.12,0.14,0.13,0.15,0.18,0.04,0.09,0.13
MLeague_stats2021-10-27,放銃平均打点,7200.0,7708.33,7228.57,3475.0,4600.0,1950.0,3725.0,8400.0,3750.0,6520.0,5466.66,6125.0,3766.66,3833.33,6000.0,5960.0,3175.0,4025.0,6300.0,4875.0,6600.0,4140.0,10950.0,3333.33,5183.33,5020.0,6916.66,9000.0,4966.66,4900.0,4200.0,3300.0
MLeague_stats2021-10-27,チーム,drivens,drivens,drivens,drivens,EX,EX,EX,EX,sakura,sakura,sakura,sakura,konami,konami,konami,konami,abemas,abemas,abemas,abemas,sega_summy,sega_summy,sega_summy,sega_summy,raiden,raiden,raiden,raiden,u-next,u-next,u-next,u-next
MLeague_stats2021-12-09,試合数,11.0,11.0,10.0,6.0,9.0,10.0,10.0,9.0,8.0,9.0,9.0,12.0,10.0,10.0,9.0,9.0,9.0,10.0,11.0,8.0,11.0,10.0,10.0,7.0,9.0,10.0,9.0,10.0,8.0,13.0,8.0,9.0
MLeague_stats2021-12-09,総局数,124.0,120.0,116.0,62.0,118.0,132.0,114.0,111.0,98.0,101.0,114.0,137.0,116.0,125.0,110.0,118.0,98.0,119.0,129.0,88.0,129.0,121.0,130.0,84.0,112.0,113.0,113.0,119.0,95.0,173.0,88.0,97.0
MLeague_stats2021-12-09,ポイント,-24.5,-325.0,98.8,-0.2,104.8,264.4,151.7,-51.4,-46.1,-186.0,109.0,159.6,188.4,1.5,-150.1,285.9,10.6,146.6,126.0,-189.0,-12.2,-24.3,-0.4,-53.7,-142.0,-124.4,-139.5,-152.1,-106.1,130.1,-49.9,-0.5
MLeague_stats2021-12-09,平着,2.54,3.09,2.2,2.5,2.11,1.8,2.2,2.55,2.75,2.94,2.22,2.12,2.0,2.7,2.94,1.88,2.44,2.1,2.18,3.12,2.54,2.6,2.4,2.85,2.88,2.9,2.88,2.85,2.87,2.3,2.62,2.33
MLeague_stats2021-12-09,1位,2.0,2.0,4.0,2.0,1.0,6.0,4.0,2.0,2.0,0.0,4.0,3.0,4.0,4.0,2.0,4.0,2.0,3.0,3.0,0.0,3.0,2.0,2.0,1.0,1.0,2.0,2.0,1.0,1.0,4.0,1.0,1.0
MLeague_stats2021-12-09,2位,3.0,1.0,2.0,1.0,7.0,1.0,2.0,3.0,1.0,3.0,1.0,5.0,3.0,0.0,0.0,2.0,2.0,3.0,5.0,1.0,1.0,3.0,4.0,2.0,2.0,2.0,1.0,2.0,1.0,4.0,2.0,6.0
MLeague_stats2021-12-09,3位,4.0,2.0,2.0,1.0,0.0,2.0,2.0,1.0,2.0,3.0,2.0,3.0,2.0,1.0,3.0,3.0,4.0,4.0,1.0,5.0,5.0,2.0,2.0,1.0,3.0,1.0,2.0,4.0,4.0,2.0,4.0,0.0
MLeague_stats2021-12-09,4位,2.0,6.0,2.0,2.0,1.0,1.0,2.0,3.0,3.0,3.0,2.0,1.0,1.0,5.0,4.0,0.0,1.0,0.0,2.0,2.0,2.0,3.0,2.0,3.0,3.0,5.0,4.0,3.0,2.0,3.0,1.0,2.0
MLeague_stats2021-12-09,トップ率,0.18,0.18,0.4,0.33,0.11,0.6,0.4,0.22,0.25,0.0,0.44,0.25,0.4,0.4,0.22,0.44,0.22,0.3,0.27,0.0,0.27,0.2,0.2,0.14,0.11,0.2,0.22,0.1,0.12,0.3,0.12,0.11
MLeague_stats2021-12-09,連対率,0.45,0.27,0.6,0.5,0.88,0.7,0.6,0.55,0.37,0.33,0.55,0.66,0.7,0.4,0.22,0.66,0.44,0.6,0.72,0.12,0.36,0.5,0.6,0.42,0.33,0.4,0.33,0.3,0.25,0.61,0.37,0.77
MLeague_stats2021-12-09,ラス回避率,0.81,0.45,0.8,0.66,0.88,0.9,0.8,0.66,0.62,0.66,0.77,0.91,0.9,0.5,0.55,1.0,0.88,1.0,0.81,0.75,0.81,0.7,0.8,0.57,0.66,0.5,0.55,0.7,0.75,0.76,0.87,0.77
MLeague_stats2021-12-09,ベストスコア,44600.0,45200.0,47900.0,35600.0,53000.0,50500.0,60100.0,66700.0,44300.0,33500.0,48200.0,61800.0,62600.0,60200.0,52100.0,105500.0,51900.0,49700.0,47000.0,35400.0,44800.0,57200.0,62100.0,77200.0,38600.0,48400.0,53500.0,47400.0,40800.0,102400.0,58600.0,33300.0
MLeague_stats2021-12-09,平均打点,5368.0,6240.0,7631.81,5585.71,7118.51,7258.06,7400.0,6578.26,8292.3,5822.72,6339.13,6590.32,7050.0,7025.0,5642.85,8212.9,5550.0,7466.66,7336.66,5600.0,7053.84,7420.0,8478.26,6280.0,6515.0,6821.05,6523.8,6947.05,5883.33,6352.38,6231.57,4350.0
MLeague_stats2021-12-09,副露率,0.33,0.15,0.17,0.27,0.15,0.31,0.15,0.19,0.14,0.2,0.17,0.21,0.15,0.15,0.2,0.27,0.19,0.21,0.19,0.15,0.22,0.15,0.22,0.17,0.11,0.12,0.07,0.22,0.25,0.25,0.29,0.17
MLeague_stats2021-12-09,リーチ率,0.24,0.25,0.18,0.22,0.22,0.18,0.23,0.18,0.2,0.26,0.17,0.17,0.17,0.2,0.19,0.24,0.25,0.21,0.17,0.26,0.18,0.18,0.26,0.21,0.28,0.26,0.23,0.15,0.22,0.26,0.17,0.3
MLeague_stats2021-12-09,アガリ率,0.2,0.12,0.18,0.22,0.22,0.23,0.22,0.2,0.13,0.21,0.2,0.22,0.24,0.16,0.19,0.26,0.2,0.2,0.23,0.15,0.2,0.16,0.17,0.23,0.17,0.16,0.18,0.14,0.18,0.24,0.21,0.24
MLeague_stats2021-12-09,放銃率,0.08,0.18,0.12,0.12,0.09,0.11,0.12,0.13,0.11,0.15,0.05,0.08,0.1,0.07,0.1,0.12,0.09,0.1,0.05,0.1,0.11,0.11,0.13,0.09,0.12,0.15,0.12,0.12,0.11,0.09,0.09,0.07
MLeague_stats2021-12-09,放銃平均打点,7040.0,7095.45,5485.71,5125.0,5363.63,5173.33,4042.85,6753.33,3800.0,6800.0,6450.0,5609.09,4650.0,3888.88,7690.9,4973.33,4733.33,4091.66,5742.85,4588.88,6480.0,5157.14,5877.77,4150.0,5335.71,4970.58,6871.42,5633.33,5954.54,7356.25,6150.0,3771.42
MLeague_stats2021-12-09,チーム,drivens,drivens,drivens,drivens,EX,EX,EX,EX,sakura,sakura,sakura,sakura,konami,konami,konami,konami,abemas,abemas,abemas,abemas,sega_summy,sega_summy,sega_summy,sega_summy,raiden,raiden,raiden,raiden,u-next,u-next,u-next,u-next
MLeague_stats2021-10-19,試合数,3.0,3.0,3.0,1.0,2.0,0.0,5.0,1.0,2.0,2.0,2.0,2.0,3.0,3.0,2.0,2.0,2.0,2.0,2.0,2.0,2.0,3.0,3.0,2.0,2.0,2.0,2.0,2.0,3.0,3.0,2.0,2.0
MLeague_stats2021-10-19,総局数,35.0,32.0,31.0,10.0,28.0,0.0,54.0,13.0,27.0,19.0,23.0,21.0,36.0,34.0,29.0,23.0,23.0,28.0,19.0,22.0,21.0,36.0,34.0,22.0,24.0,26.0,21.0,20.0,33.0,43.0,24.0,21.0
MLeague_stats2021-10-19,ポイント,6.5,-177.6,96.0,-26.6,12.2,0.0,147.4,-57.4,-41.7,-37.7,130.8,-80.2,-41.7,-17.2,-80.7,-16.4,-47.8,37.5,22.3,-39.3,42.0,-60.5,20.5,112.9,70.5,17.3,31.3,6.3,-107.1,62.8,-1.6,17.2
MLeague_stats2021-10-19,平着,2.33,3.66,1.66,3.0,2.5,0.0,1.8,4.0,3.0,3.0,1.0,3.5,2.66,3.0,3.5,2.5,3.0,2.0,2.0,3.0,2.0,3.0,2.33,1.5,1.5,2.5,2.0,2.5,3.66,2.0,2.5,2.0
MLeague_stats2021-10-19,1位,0.0,0.0,2.0,0.0,1.0,0.0,3.0,0.0,0.0,0.0,2.0,0.0,0.0,1.0,0.0,0.0,0.0,0.0,1.0,0.0,1.0,0.0,1.0,1.0,1.0,1.0,1.0,1.0,0.0,1.0,0.0,0.0
MLeague_stats2021-10-19,2位,2.0,0.0,0.0,0.0,0.0,0.0,1.0,0.0,1.0,1.0,0.0,0.0,1.0,0.0,0.0,1.0,0.0,2.0,0.0,1.0,0.0,1.0,1.0,1.0,1.0,0.0,0.0,0.0,0.0,1.0,1.0,2.0
MLeague_stats2021-10-19,3位,1.0,1.0,1.0,1.0,0.0,0.0,0.0,0.0,0.0,0.0,0.0,1.0,2.0,0.0,1.0,1.0,2.0,0.0,1.0,0.0,1.0,1.0,0.0,0.0,0.0,0.0,1.0,0.0,1.0,1.0,1.0,0.0
MLeague_stats2021-10-19,4位,0.0,2.0,0.0,0.0,1.0,0.0,1.0,1.0,1.0,1.0,0.0,1.0,0.0,2.0,1.0,0.0,0.0,0.0,0.0,1.0,0.0,1.0,1.0,0.0,0.0,1.0,0.0,1.0,2.0,0.0,0.0,0.0
MLeague_stats2021-10-19,トップ率,0.0,0.0,0.66,0.0,0.5,0.0,0.6,0.0,0.0,0.0,1.0,0.0,0.0,0.33,0.0,0.0,0.0,0.0,0.5,0.0,0.5,0.0,0.33,0.5,0.5,0.5,0.5,0.5,0.0,0.33,0.0,0.0
MLeague_stats2021-10-19,連対率,0.66,0.0,0.66,0.0,0.5,0.0,0.8,0.0,0.5,0.5,1.0,0.0,0.33,0.33,0.0,0.5,0.0,1.0,0.5,0.5,0.5,0.33,0.66,1.0,1.0,0.5,0.5,0.5,0.0,0.66,0.5,1.0
MLeague_stats2021-10-19,ラス回避率,1.0,0.33,1.0,1.0,0.5,0.0,0.8,0.0,0.5,0.5,1.0,0.5,1.0,0.33,0.5,1.0,1.0,1.0,1.0,0.5,1.0,0.66,0.66,1.0,1.0,0.5,1.0,0.5,0.33,1.0,1.0,1.0
MLeague_stats2021-10-19,ベストスコア,36300.0,10600.0,40000.0,13400.0,53000.0,0.0,48400.0,2600.0,29600.0,24900.0,48200.0,14900.0,33400.0,56200.0,12400.0,26000.0,19800.0,43500.0,33100.0,35400.0,38100.0,38400.0,52300.0,77200.0,38600.0,41900.0,30400.0,47400.0,29000.0,44900.0,37500.0,28700.0
MLeague_stats2021-10-19,平均打点,3820.0,8600.0,6637.5,4650.0,7525.0,0.0,7441.66,7350.0,12000.0,4650.0,7050.0,4800.0,6228.57,6100.0,3775.0,6360.0,4600.0,7714.28,3200.0,5300.0,4628.57,5980.0,6800.0,7755.55,5462.5,10666.66,5333.33,8633.33,9000.0,8125.0,5700.0,3287.5
MLeague_stats2021-10-19,副露率,0.4,0.21,0.19,0.2,0.14,0.0,0.11,0.0,0.14,0.21,0.26,0.09,0.02,0.11,0.1,0.3,0.08,0.1,0.21,0.18,0.14,0.19,0.11,0.13,0.25,0.11,0.14,0.35,0.18,0.23,0.37,0.28
MLeague_stats2021-10-19,リーチ率,0.17,0.31,0.12,0.2,0.21,0.0,0.29,0.15,0.11,0.21,0.13,0.09,0.25,0.26,0.27,0.26,0.3,0.17,0.15,0.31,0.33,0.16,0.35,0.36,0.25,0.23,0.23,0.15,0.21,0.25,0.16,0.23
MLeague_stats2021-10-19,アガリ率,0.28,0.06,0.25,0.2,0.14,0.0,0.22,0.15,0.03,0.21,0.26,0.09,0.19,0.17,0.13,0.21,0.08,0.25,0.21,0.18,0.33,0.13,0.2,0.4,0.33,0.11,0.28,0.15,0.12,0.18,0.2,0.38
MLeague_stats2021-10-19,放銃率,0.08,0.25,0.06,0.3,0.1,0.0,0.07,0.23,0.07,0.1,0.0,0.19,0.16,0.08,0.06,0.21,0.17,0.07,0.05,0.13,0.09,0.11,0.05,0.09,0.04,0.15,0.09,0.1,0.18,0.04,0.08,0.19
MLeague_stats2021-10-19,放銃平均打点,7866.66,8150.0,8000.0,3966.66,3233.33,0.0,3725.0,8400.0,2750.0,5300.0,0.0,5625.0,3766.66,3833.33,5000.0,5960.0,3175.0,4350.0,8000.0,6166.66,7950.0,4925.0,10950.0,2100.0,2000.0,4275.0,8900.0,6500.0,4966.66,3350.0,4350.0,3300.0
MLeague_stats2021-10-19,チーム,drivens,drivens,drivens,drivens,EX,EX,EX,EX,sakura,sakura,sakura,sakura,konami,konami,konami,konami,abemas,abemas,abemas,abemas,sega_summy,sega_summy,sega_summy,sega_summy,raiden,raiden,raiden,raiden,u-next,u-next,u-next,u-next
MLeague_stats2021-10-31,試合数,5.0,4.0,5.0,2.0,3.0,4.0,6.0,3.0,3.0,4.0,4.0,5.0,4.0,4.0,4.0,4.0,4.0,4.0,4.0,4.0,5.0,4.0,4.0,3.0,4.0,4.0,4.0,4.0,3.0,6.0,4.0,3.0
MLeague_stats2021-10-31,総局数,61.0,41.0,56.0,18.0,38.0,45.0,67.0,38.0,43.0,42.0,50.0,56.0,49.0,50.0,52.0,43.0,46.0,49.0,41.0,39.0,56.0,50.0,44.0,35.0,50.0,47.0,46.0,46.0,33.0,78.0,42.0,29.0
MLeague_stats2021-10-31,ポイント,-62.7,-247.0,-27.9,27.6,32.3,110.1,127.1,89.6,-53.4,-43.9,63.6,4.6,13.6,35.1,-29.6,23.5,78.0,-8.8,62.7,-120.7,55.3,-58.1,-45.3,66.6,4.9,-18.3,-70.7,-11.3,-107.1,94.4,-14.7,30.5
MLeague_stats2021-10-31,平着,2.8,3.75,2.6,2.0,2.33,1.75,2.0,2.0,3.0,2.75,2.25,2.5,2.25,2.5,2.75,2.25,2.0,2.5,2.0,3.25,2.2,2.75,2.75,2.33,2.5,2.75,3.0,2.62,3.66,2.0,2.5,2.0
MLeague_stats2021-10-31,1位,0.0,0.0,2.0,1.0,1.0,2.0,3.0,2.0,0.0,0.0,2.0,1.0,1.0,2.0,1.0,1.0,2.0,0.0,1.0,0.0,2.0,0.0,1.0,1.0,1.0,1.0,1.0,1.0,0.0,1.0,0.0,0.0
MLeague_stats2021-10-31,2位,2.0,0.0,0.0,0.0,1.0,1.0,1.0,0.0,1.0,2.0,0.0,1.0,1.0,0.0,0.0,1.0,0.0,2.0,2.0,1.0,1.0,2.0,1.0,1.0,1.0,1.0,0.0,1.0,0.0,4.0,2.0,3.0
MLeague_stats2021-10-31,3位,2.0,1.0,1.0,1.0,0.0,1.0,1.0,0.0,1.0,1.0,1.0,2.0,2.0,0.0,2.0,2.0,2.0,2.0,1.0,1.0,1.0,1.0,0.0,0.0,1.0,0.0,1.0,0.0,1.0,1.0,2.0,0.0
MLeague_stats2021-10-31,4位,1.0,3.0,2.0,0.0,1.0,0.0,1.0,1.0,1.0,1.0,1.0,1.0,0.0,2.0,1.0,0.0,0.0,0.0,0.0,2.0,1.0,1.0,2.0,1.0,1.0,2.0,2.0,2.0,2.0,0.0,0.0,0.0
MLeague_stats2021-10-31,トップ率,0.0,0.0,0.4,0.5,0.33,0.5,0.5,0.66,0.0,0.0,0.5,0.2,0.25,0.5,0.25,0.25,0.5,0.0,0.25,0.0,0.4,0.0,0.25,0.33,0.25,0.25,0.25,0.25,0.0,0.16,0.0,0.0
MLeague_stats2021-10-31,連対率,0.4,0.0,0.4,0.5,0.66,0.75,0.66,0.66,0.33,0.5,0.5,0.4,0.5,0.5,0.25,0.5,0.5,0.5,0.75,0.25,0.6,0.5,0.5,0.66,0.5,0.5,0.25,0.5,0.0,0.83,0.5,1.0
MLeague_stats2021-10-31,ラス回避率,0.8,0.25,0.6,1.0,0.66,1.0,0.83,0.66,0.66,0.75,0.75,0.8,1.0,0.5,0.75,1.0,1.0,1.0,1.0,0.5,0.8,0.75,0.5,0.66,0.75,0.5,0.5,0.5,0.33,1.0,1.0,1.0
MLeague_stats2021-10-31,ベストスコア,36300.0,10600.0,40000.0,34200.0,53000.0,48400.0,48400.0,66700.0,29600.0,33500.0,48200.0,43900.0,35300.0,56200.0,45500.0,40700.0,51900.0,43500.0,45400.0,35400.0,44800.0,38400.0,52300.0,77200.0,38600.0,41900.0,30400.0,47400.0,29000.0,44900.0,37500.0,33300.0
MLeague_stats2021-10-31,平均打点,3654.54,8600.0,6060.0,5625.0,6355.55,5845.45,7086.66,8560.0,8580.0,5910.0,6690.9,6966.66,6750.0,6900.0,5927.27,7371.42,5088.88,6290.0,6963.63,4640.0,6241.66,6983.33,6800.0,7254.54,6318.18,7957.14,5720.0,8737.5,9000.0,5762.5,5822.22,3390.9
MLeague_stats2021-10-31,副露率,0.36,0.21,0.16,0.33,0.21,0.31,0.1,0.1,0.18,0.21,0.22,0.26,0.04,0.16,0.13,0.25,0.17,0.16,0.24,0.12,0.21,0.16,0.18,0.17,0.2,0.12,0.1,0.23,0.18,0.28,0.35,0.27
MLeague_stats2021-10-31,リーチ率,0.18,0.31,0.21,0.22,0.15,0.17,0.28,0.26,0.18,0.28,0.16,0.12,0.22,0.24,0.23,0.25,0.23,0.12,0.17,0.33,0.17,0.16,0.36,0.28,0.2,0.27,0.21,0.13,0.21,0.23,0.14,0.31
MLeague_stats2021-10-31,アガリ率,0.18,0.04,0.17,0.22,0.23,0.24,0.22,0.26,0.11,0.23,0.22,0.21,0.2,0.16,0.21,0.16,0.19,0.2,0.26,0.12,0.21,0.12,0.15,0.31,0.22,0.14,0.21,0.17,0.12,0.2,0.21,0.37
MLeague_stats2021-10-31,放銃率,0.06,0.29,0.14,0.22,0.13,0.04,0.1,0.1,0.09,0.11,0.08,0.14,0.12,0.06,0.09,0.13,0.08,0.08,0.09,0.1,0.1,0.1,0.13,0.08,0.12,0.14,0.13,0.13,0.18,0.05,0.09,0.13
MLeague_stats2021-10-31,放銃平均打点,7200.0,7708.33,6812.5,3475.0,4600.0,1950.0,3571.42,6950.0,3750.0,6520.0,4750.0,6125.0,3766.66,3833.33,5320.0,5400.0,3175.0,4025.0,6300.0,4875.0,6600.0,4140.0,8083.33,3333.33,5183.33,5485.71,6916.66,8366.66,4966.66,4175.0,3400.0,3300.0
MLeague_stats2021-10-31,チーム,drivens,drivens,drivens,drivens,EX,EX,EX,EX,sakura,sakura,sakura,sakura,konami,konami,konami,konami,abemas,abemas,abemas,abemas,sega_summy,sega_summy,sega_summy,sega_summy,raiden,raiden,raiden,raiden,u-next,u-next,u-next,u-next
MLeague_stats2021-10-09,試合数,2.0,1.0,1.0,0.0,0.0,0.0,3.0,1.0,1.0,1.0,1.0,1.0,1.0,1.0,1.0,1.0,1.0,1.0,1.0,1.0,2.0,1.0,1.0,0.0,1.0,1.0,1.0,1.0,1.0,1.0,1.0,1.0
MLeague_stats2021-10-09,総局数,19.0,10.0,11.0,0.0,0.0,0.0,31.0,13.0,11.0,9.0,13.0,11.0,13.0,11.0,11.0,13.0,10.0,10.0,9.0,11.0,21.0,10.0,13.0,0.0,13.0,10.0,11.0,10.0,13.0,13.0,11.0,11.0
MLeague_stats2021-10-09,ポイント,-9.8,-29.4,60.0,0.0,0.0,0.0,18.3,-57.4,9.6,-42.6,68.2,-25.1,13.4,-42.8,-53.1,6.0,-20.2,14.0,53.1,15.4,42.0,-52.0,-61.0,0.0,58.6,-44.6,50.4,67.4,-11.0,-16.8,-19.1,8.5
MLeague_stats2021-10-09,平着,2.5,3.0,1.0,0.0,0.0,0.0,2.33,4.0,2.0,4.0,1.0,3.0,2.0,4.0,4.0,2.0,3.0,2.0,1.0,2.0,2.0,4.0,4.0,0.0,1.0,4.0,1.0,1.0,3.0,3.0,3.0,2.0
MLeague_stats2021-10-09,1位,0.0,0.0,1.0,0.0,0.0,0.0,1.0,0.0,0.0,0.0,1.0,0.0,0.0,0.0,0.0,0.0,0.0,0.0,1.0,0.0,1.0,0.0,0.0,0.0,1.0,0.0,1.0,1.0,0.0,0.0,0.0,0.0
MLeague_stats2021-10-09,2位,1.0,0.0,0.0,0.0,0.0,0.0,1.0,0.0,1.0,0.0,0.0,0.0,1.0,0.0,0.0,1.0,0.0,1.0,0.0,1.0,0.0,0.0,0.0,0.0,0.0,0.0,0.0,0.0,0.0,0.0,0.0,1.0
MLeague_stats2021-10-09,3位,1.0,1.0,0.0,0.0,0.0,0.0,0.0,0.0,0.0,0.0,0.0,1.0,0.0,0.0,0.0,0.0,1.0,0.0,0.0,0.0,1.0,0.0,0.0,0.0,0.0,0.0,0.0,0.0,1.0,1.0,1.0,0.0
MLeague_stats2021-10-09,4位,0.0,0.0,0.0,0.0,0.0,0.0,1.0,1.0,0.0,1.0,0.0,0.0,0.0,1.0,1.0,0.0,0.0,0.0,0.0,0.0,0.0,1.0,1.0,0.0,0.0,1.0,0.0,0.0,0.0,0.0,0.0,0.0
MLeague_stats2021-10-09,トップ率,0.0,0.0,1.0,0.0,0.0,0.0,0.33,0.0,0.0,0.0,1.0,0.0,0.0,0.0,0.0,0.0,0.0,0.0,1.0,0.0,0.5,0.0,0.0,0.0,1.0,0.0,1.0,1.0,0.0,0.0,0.0,0.0
MLeague_stats2021-10-09,連対率,0.5,0.0,1.0,0.0,0.0,0.0,0.66,0.0,1.0,0.0,1.0,0.0,1.0,0.0,0.0,1.0,0.0,1.0,1.0,1.0,0.5,0.0,0.0,0.0,1.0,0.0,1.0,1.0,0.0,0.0,0.0,1.0
MLeague_stats2021-10-09,ラス回避率,1.0,1.0,1.0,0.0,0.0,0.0,0.66,0.0,1.0,0.0,1.0,1.0,1.0,0.0,0.0,1.0,1.0,1.0,1.0,1.0,1.0,0.0,0.0,0.0,1.0,0.0,1.0,1.0,1.0,1.0,1.0,1.0
MLeague_stats2021-10-09,ベストスコア,26700.0,10600.0,40000.0,0.0,0.0,0.0,42600.0,2600.0,29600.0,17400.0,48200.0,14900.0,33400.0,17200.0,6900.0,26000.0,19800.0,34000.0,33100.0,35400.0,38100.0,8000.0,-1000.0,0.0,38600.0,15400.0,30400.0,47400.0,29000.0,23200.0,20900.0,28500.0
MLeague_stats2021-10-09,平均打点,2560.0,5200.0,5625.0,0.0,0.0,0.0,9000.0,7350.0,12000.0,2000.0,7666.66,8000.0,8000.0,0.0,2900.0,8400.0,5200.0,8900.0,3366.66,5733.33,4628.57,2000.0,6000.0,0.0,4780.0,0.0,4700.0,8633.33,13000.0,2000.0,4200.0,3060.0
MLeague_stats2021-10-09,副露率,0.42,0.2,0.27,0.0,0.0,0.0,0.16,0.0,0.27,0.11,0.3,0.0,0.0,0.0,0.09,0.38,0.0,0.0,0.33,0.09,0.14,0.1,0.15,0.0,0.15,0.2,0.18,0.4,0.15,0.3,0.45,0.18
MLeague_stats2021-10-09,リーチ率,0.1,0.5,0.09,0.0,0.0,0.0,0.29,0.15,0.0,0.33,0.15,0.18,0.23,0.09,0.36,0.23,0.4,0.3,0.33,0.45,0.33,0.1,0.23,0.0,0.15,0.1,0.27,0.2,0.15,0.23,0.18,0.36
MLeague_stats2021-10-09,アガリ率,0.26,0.1,0.36,0.0,0.0,0.0,0.12,0.15,0.09,0.11,0.23,0.09,0.23,0.0,0.09,0.23,0.1,0.2,0.33,0.27,0.33,0.1,0.07,0.0,0.38,0.0,0.27,0.3,0.15,0.15,0.27,0.45
MLeague_stats2021-10-09,放銃率,0.05,0.1,0.0,0.0,0.0,0.0,0.09,0.23,0.09,0.0,0.0,0.18,0.15,0.18,0.18,0.15,0.2,0.0,0.0,0.18,0.09,0.1,0.07,0.0,0.0,0.1,0.09,0.0,0.07,0.0,0.09,0.27
MLeague_stats2021-10-09,放銃平均打点,7700.0,3900.0,0.0,0.0,0.0,0.0,4300.0,8400.0,2600.0,0.0,0.0,4650.0,1950.0,1750.0,5000.0,7000.0,2450.0,0.0,0.0,3250.0,7950.0,5800.0,18000.0,0.0,0.0,2600.0,5800.0,0.0,8000.0,0.0,2900.0,3866.66
MLeague_stats2021-10-09,チーム,drivens,drivens,drivens,drivens,EX,EX,EX,EX,sakura,sakura,sakura,sakura,konami,konami,konami,konami,abemas,abemas,abemas,abemas,sega_summy,sega_summy,sega_summy,sega_summy,raiden,raiden,raiden,raiden,u-next,u-next,u-next,u-next
MLeague_stats2021-10-20,試合数,3.0,3.0,3.0,1.0,2.0,2.0,5.0,1.0,2.0,2.0,2.0,4.0,3.0,3.0,2.0,2.0,2.0,3.0,3.0,2.0,2.0,3.0,3.0,2.0,2.0,2.0,3.0,3.0,3.0,3.0,2.0,2.0
MLeague_stats2021-10-20,総局数,35.0,32.0,31.0,10.0,28.0,22.0,54.0,13.0,27.0,19.0,23.0,43.0,36.0,34.0,29.0,23.0,23.0,37.0,32.0,22.0,21.0,36.0,34.0,22.0,24.0,26.0,30.0,33.0,33.0,43.0,24.0,21.0
MLeague_stats2021-10-20,ポイント,6.5,-177.6,96.0,-26.6,12.2,62.2,147.4,-57.4,-41.7,-37.7,130.8,-33.4,-41.7,-17.2,-80.7,-16.4,-47.8,20.9,37.3,-39.3,42.0,-60.5,20.5,112.9,70.5,17.3,-20.5,-49.3,-107.1,62.8,-1.6,17.2
MLeague_stats2021-10-20,平着,2.33,3.66,1.66,3.0,2.5,1.5,1.8,4.0,3.0,3.0,1.0,2.75,2.66,3.0,3.5,2.5,3.0,2.33,2.0,3.0,2.0,3.0,2.33,1.5,1.5,2.5,2.66,3.0,3.66,2.0,2.5,2.0
MLeague_stats2021-10-20,1位,0.0,0.0,2.0,0.0,1.0,1.0,3.0,0.0,0.0,0.0,2.0,1.0,0.0,1.0,0.0,0.0,0.0,0.0,1.0,0.0,1.0,0.0,1.0,1.0,1.0,1.0,1.0,1.0,0.0,1.0,0.0,0.0
MLeague_stats2021-10-20,2位,2.0,0.0,0.0,0.0,0.0,1.0,1.0,0.0,1.0,1.0,0.0,0.0,1.0,0.0,0.0,1.0,0.0,2.0,1.0,1.0,0.0,1.0,1.0,1.0,1.0,0.0,0.0,0.0,0.0,1.0,1.0,2.0
MLeague_stats2021-10-20,3位,1.0,1.0,1.0,1.0,0.0,0.0,0.0,0.0,0.0,0.0,0.0,2.0,2.0,0.0,1.0,1.0,2.0,1.0,1.0,0.0,1.0,1.0,0.0,0.0,0.0,0.0,1.0,0.0,1.0,1.0,1.0,0.0
MLeague_stats2021-10-20,4位,0.0,2.0,0.0,0.0,1.0,0.0,1.0,1.0,1.0,1.0,0.0,1.0,0.0,2.0,1.0,0.0,0.0,0.0,0.0,1.0,0.0,1.0,1.0,0.0,0.0,1.0,1.0,2.0,2.0,0.0,0.0,0.0
MLeague_stats2021-10-20,トップ率,0.0,0.0,0.66,0.0,0.5,0.5,0.6,0.0,0.0,0.0,1.0,0.25,0.0,0.33,0.0,0.0,0.0,0.0,0.33,0.0,0.5,0.0,0.33,0.5,0.5,0.5,0.33,0.33,0.0,0.33,0.0,0.0
MLeague_stats2021-10-20,連対率,0.66,0.0,0.66,0.0,0.5,1.0,0.8,0.0,0.5,0.5,1.0,0.25,0.33,0.33,0.0,0.5,0.0,0.66,0.66,0.5,0.5,0.33,0.66,1.0,1.0,0.5,0.33,0.33,0.0,0.66,0.5,1.0
MLeague_stats2021-10-20,ラス回避率,1.0,0.33,1.0,1.0,0.5,1.0,0.8,0.0,0.5,0.5,1.0,0.75,1.0,0.33,0.5,1.0,1.0,1.0,1.0,0.5,1.0,0.66,0.66,1.0,1.0,0.5,0.66,0.33,0.33,1.0,1.0,1.0
MLeague_stats2021-10-20,ベストスコア,36300.0,10600.0,40000.0,13400.0,53000.0,37700.0,48400.0,2600.0,29600.0,24900.0,48200.0,43900.0,33400.0,56200.0,12400.0,26000.0,19800.0,43500.0,35000.0,35400.0,38100.0,38400.0,52300.0,77200.0,38600.0,41900.0,30400.0,47400.0,29000.0,44900.0,37500.0,28700.0
MLeague_stats2021-10-20,平均打点,3820.0,8600.0,6637.5,4650.0,7525.0,6900.0,7441.66,7350.0,12000.0,4650.0,7050.0,7950.0,6228.57,6100.0,3775.0,6360.0,4600.0,6877.77,6087.5,5300.0,4628.57,5980.0,6800.0,7755.55,5462.5,10666.66,4942.85,9180.0,9000.0,8125.0,5700.0,3287.5
MLeague_stats2021-10-20,副露率,0.4,0.21,0.19,0.2,0.14,0.27,0.11,0.0,0.14,0.21,0.26,0.2,0.02,0.11,0.1,0.3,0.08,0.13,0.25,0.18,0.14,0.19,0.11,0.13,0.25,0.11,0.13,0.27,0.18,0.23,0.37,0.28
MLeague_stats2021-10-20,リーチ率,0.17,0.31,0.12,0.2,0.21,0.13,0.29,0.15,0.11,0.21,0.13,0.13,0.25,0.26,0.27,0.26,0.3,0.16,0.15,0.31,0.33,0.16,0.35,0.36,0.25,0.23,0.16,0.15,0.21,0.25,0.16,0.23
MLeague_stats2021-10-20,アガリ率,0.28,0.06,0.25,0.2,0.14,0.22,0.22,0.15,0.03,0.21,0.26,0.18,0.19,0.17,0.13,0.21,0.08,0.24,0.25,0.18,0.33,0.13,0.2,0.4,0.33,0.11,0.23,0.15,0.12,0.18,0.2,0.38
MLeague_stats2021-10-20,放銃率,0.08,0.25,0.06,0.3,0.1,0.04,0.07,0.23,0.07,0.1,0.0,0.18,0.16,0.08,0.06,0.21,0.17,0.05,0.09,0.13,0.09,0.11,0.05,0.09,0.04,0.15,0.1,0.15,0.18,0.04,0.08,0.19
MLeague_stats2021-10-20,放銃平均打点,7866.66,8150.0,8000.0,3966.66,3233.33,2600.0,3725.0,8400.0,2750.0,5300.0,0.0,6125.0,3766.66,3833.33,5000.0,5960.0,3175.0,4350.0,7966.66,6166.66,7950.0,4925.0,10950.0,2100.0,2000.0,4275.0,7666.66,9000.0,4966.66,3350.0,4350.0,3300.0
MLeague_stats2021-10-20,チーム,drivens,drivens,drivens,drivens,EX,EX,EX,EX,sakura,sakura,sakura,sakura,konami,konami,konami,konami,abemas,abemas,abemas,abemas,sega_summy,sega_summy,sega_summy,sega_summy,raiden,raiden,raiden,raiden,u-next,u-next,u-next,u-next
MLeague_stats2021-10-08,試合数,2.0,1.0,1.0,0.0,0.0,0.0,2.0,0.0,0.0,1.0,0.0,1.0,1.0,1.0,0.0,0.0,1.0,1.0,1.0,1.0,2.0,1.0,1.0,0.0,1.0,1.0,1.0,1.0,1.0,0.0,0.0,1.0
MLeague_stats2021-10-08,総局数,19.0,10.0,11.0,0.0,0.0,0.0,20.0,0.0,0.0,9.0,0.0,11.0,13.0,11.0,0.0,0.0,10.0,10.0,9.0,11.0,21.0,10.0,13.0,0.0,13.0,10.0,11.0,10.0,13.0,0.0,0.0,11.0
MLeague_stats2021-10-08,ポイント,-9.8,-29.4,60.0,0.0,0.0,0.0,-44.3,0.0,0.0,-42.6,0.0,-25.1,13.4,-42.8,0.0,0.0,-20.2,14.0,53.1,15.4,42.0,-52.0,-61.0,0.0,58.6,-44.6,50.4,67.4,-11.0,0.0,0.0,8.5
MLeague_stats2021-10-08,平着,2.5,3.0,1.0,0.0,0.0,0.0,3.0,0.0,0.0,4.0,0.0,3.0,2.0,4.0,0.0,0.0,3.0,2.0,1.0,2.0,2.0,4.0,4.0,0.0,1.0,4.0,1.0,1.0,3.0,0.0,0.0,2.0
MLeague_stats2021-10-08,1位,0.0,0.0,1.0,0.0,0.0,0.0,0.0,0.0,0.0,0.0,0.0,0.0,0.0,0.0,0.0,0.0,0.0,0.0,1.0,0.0,1.0,0.0,0.0,0.0,1.0,0.0,1.0,1.0,0.0,0.0,0.0,0.0
MLeague_stats2021-10-08,2位,1.0,0.0,0.0,0.0,0.0,0.0,1.0,0.0,0.0,0.0,0.0,0.0,1.0,0.0,0.0,0.0,0.0,1.0,0.0,1.0,0.0,0.0,0.0,0.0,0.0,0.0,0.0,0.0,0.0,0.0,0.0,1.0
MLeague_stats2021-10-08,3位,1.0,1.0,0.0,0.0,0.0,0.0,0.0,0.0,0.0,0.0,0.0,1.0,0.0,0.0,0.0,0.0,1.0,0.0,0.0,0.0,1.0,0.0,0.0,0.0,0.0,0.0,0.0,0.0,1.0,0.0,0.0,0.0
MLeague_stats2021-10-08,4位,0.0,0.0,0.0,0.0,0.0,0.0,1.0,0.0,0.0,1.0,0.0,0.0,0.0,1.0,0.0,0.0,0.0,0.0,0.0,0.0,0.0,1.0,1.0,0.0,0.0,1.0,0.0,0.0,0.0,0.0,0.0,0.0
MLeague_stats2021-10-08,トップ率,0.0,0.0,1.0,0.0,0.0,0.0,0.0,0.0,0.0,0.0,0.0,0.0,0.0,0.0,0.0,0.0,0.0,0.0,1.0,0.0,0.5,0.0,0.0,0.0,1.0,0.0,1.0,1.0,0.0,0.0,0.0,0.0
MLeague_stats2021-10-08,連対率,0.5,0.0,1.0,0.0,0.0,0.0,0.5,0.0,0.0,0.0,0.0,0.0,1.0,0.0,0.0,0.0,0.0,1.0,1.0,1.0,0.5,0.0,0.0,0.0,1.0,0.0,1.0,1.0,0.0,0.0,0.0,1.0
MLeague_stats2021-10-08,ラス回避率,1.0,1.0,1.0,0.0,0.0,0.0,0.5,0.0,0.0,0.0,0.0,1.0,1.0,0.0,0.0,0.0,1.0,1.0,1.0,1.0,1.0,0.0,0.0,0.0,1.0,0.0,1.0,1.0,1.0,0.0,0.0,1.0
MLeague_stats2021-10-08,ベストスコア,26700.0,10600.0,40000.0,0.0,0.0,0.0,26000.0,0.0,0.0,17400.0,0.0,14900.0,33400.0,17200.0,0.0,0.0,19800.0,34000.0,33100.0,35400.0,38100.0,8000.0,-1000.0,0.0,38600.0,15400.0,30400.0,47400.0,29000.0,0.0,0.0,28500.0
MLeague_stats2021-10-08,平均打点,2560.0,5200.0,5625.0,0.0,0.0,0.0,6000.0,0.0,0.0,2000.0,0.0,8000.0,8000.0,0.0,0.0,0.0,5200.0,8900.0,3366.66,5733.33,4628.57,2000.0,6000.0,0.0,4780.0,0.0,4700.0,8633.33,13000.0,0.0,0.0,3060.0
MLeague_stats2021-10-08,副露率,0.42,0.2,0.27,0.0,0.0,0.0,0.1,0.0,0.0,0.11,0.0,0.0,0.0,0.0,0.0,0.0,0.0,0.0,0.33,0.09,0.14,0.1,0.15,0.0,0.15,0.2,0.18,0.4,0.15,0.0,0.0,0.18
MLeague_stats2021-10-08,リーチ率,0.1,0.5,0.09,0.0,0.0,0.0,0.3,0.0,0.0,0.33,0.0,0.18,0.23,0.09,0.0,0.0,0.4,0.3,0.33,0.45,0.33,0.1,0.23,0.0,0.15,0.1,0.27,0.2,0.15,0.0,0.0,0.36
MLeague_stats2021-10-08,アガリ率,0.26,0.1,0.36,0.0,0.0,0.0,0.1,0.0,0.0,0.11,0.0,0.09,0.23,0.0,0.0,0.0,0.1,0.2,0.33,0.27,0.33,0.1,0.07,0.0,0.38,0.0,0.27,0.3,0.15,0.0,0.0,0.45
MLeague_stats2021-10-08,放銃率,0.05,0.1,0.0,0.0,0.0,0.0,0.15,0.0,0.0,0.0,0.0,0.18,0.15,0.18,0.0,0.0,0.2,0.0,0.0,0.18,0.09,0.1,0.07,0.0,0.0,0.1,0.09,0.0,0.07,0.0,0.0,0.27
MLeague_stats2021-10-08,放銃平均打点,7700.0,3900.0,0.0,0.0,0.0,0.0,4300.0,0.0,0.0,0.0,0.0,4650.0,1950.0,1750.0,0.0,0.0,2450.0,0.0,0.0,3250.0,7950.0,5800.0,18000.0,0.0,0.0,2600.0,5800.0,0.0,8000.0,0.0,0.0,3866.66
MLeague_stats2021-10-08,チーム,drivens,drivens,drivens,drivens,EX,EX,EX,EX,sakura,sakura,sakura,sakura,konami,konami,konami,konami,abemas,abemas,abemas,abemas,sega_summy,sega_summy,sega_summy,sega_summy,raiden,raiden,raiden,raiden,u-next,u-next,u-next,u-next
MLeague_stats2021-10-23,試合数,4.0,3.0,3.0,2.0,3.0,3.0,5.0,1.0,2.0,3.0,3.0,4.0,3.0,3.0,3.0,3.0,3.0,3.0,3.0,3.0,3.0,4.0,3.0,2.0,3.0,3.0,3.0,3.0,3.0,4.0,2.0,3.0
MLeague_stats2021-10-23,総局数,48.0,32.0,31.0,18.0,38.0,36.0,54.0,13.0,27.0,29.0,37.0,43.0,36.0,34.0,43.0,33.0,36.0,37.0,32.0,30.0,31.0,50.0,34.0,22.0,37.0,34.0,30.0,33.0,33.0,56.0,24.0,29.0
MLeague_stats2021-10-23,ポイント,-10.0,-177.6,96.0,27.6,32.3,41.7,147.4,-57.4,-41.7,-57.4,83.4,-33.4,-41.7,-17.2,-15.2,44.3,6.1,20.9,37.3,-59.0,-19.1,-58.1,20.5,112.9,27.4,-30.5,-20.5,-49.3,-107.1,68.5,-1.6,30.5
MLeague_stats2021-10-23,平着,2.5,3.66,1.66,2.0,2.33,2.0,1.8,4.0,3.0,3.0,2.0,2.75,2.66,3.0,2.66,2.0,2.33,2.33,2.0,3.0,2.66,2.75,2.33,1.5,2.33,3.0,2.66,3.0,3.66,2.0,2.5,2.0
MLeague_stats2021-10-23,1位,0.0,0.0,2.0,1.0,1.0,1.0,3.0,0.0,0.0,0.0,2.0,1.0,0.0,1.0,1.0,1.0,1.0,0.0,1.0,0.0,1.0,0.0,1.0,1.0,1.0,1.0,1.0,1.0,0.0,1.0,0.0,0.0
MLeague_stats2021-10-23,2位,2.0,0.0,0.0,0.0,1.0,1.0,1.0,0.0,1.0,1.0,0.0,0.0,1.0,0.0,0.0,1.0,0.0,2.0,1.0,1.0,0.0,2.0,1.0,1.0,1.0,0.0,0.0,0.0,0.0,2.0,1.0,3.0
MLeague_stats2021-10-23,3位,2.0,1.0,1.0,1.0,0.0,1.0,0.0,0.0,0.0,1.0,0.0,2.0,2.0,0.0,1.0,1.0,2.0,1.0,1.0,1.0,1.0,1.0,0.0,0.0,0.0,0.0,1.0,0.0,1.0,1.0,1.0,0.0
MLeague_stats2021-10-23,4位,0.0,2.0,0.0,0.0,1.0,0.0,1.0,1.0,1.0,1.0,1.0,1.0,0.0,2.0,1.0,0.0,0.0,0.0,0.0,1.0,1.0,1.0,1.0,0.0,1.0,2.0,1.0,2.0,2.0,0.0,0.0,0.0
MLeague_stats2021-10-23,トップ率,0.0,0.0,0.66,0.5,0.33,0.33,0.6,0.0,0.0,0.0,0.66,0.25,0.0,0.33,0.33,0.33,0.33,0.0,0.33,0.0,0.33,0.0,0.33,0.5,0.33,0.33,0.33,0.33,0.0,0.25,0.0,0.0
MLeague_stats2021-10-23,連対率,0.5,0.0,0.66,0.5,0.66,0.66,0.8,0.0,0.5,0.33,0.66,0.25,0.33,0.33,0.33,0.66,0.33,0.66,0.66,0.33,0.33,0.5,0.66,1.0,0.66,0.33,0.33,0.33,0.0,0.75,0.5,1.0
MLeague_stats2021-10-23,ラス回避率,1.0,0.33,1.0,1.0,0.66,1.0,0.8,0.0,0.5,0.66,0.66,0.75,1.0,0.33,0.66,1.0,1.0,1.0,1.0,0.66,0.66,0.75,0.66,1.0,0.66,0.33,0.66,0.33,0.33,1.0,1.0,1.0
MLeague_stats2021-10-23,ベストスコア,36300.0,10600.0,40000.0,34200.0,53000.0,37700.0,48400.0,2600.0,29600.0,24900.0,48200.0,43900.0,33400.0,56200.0,45500.0,40700.0,33900.0,43500.0,35000.0,35400.0,38100.0,38400.0,52300.0,77200.0,38600.0,41900.0,30400.0,47400.0,29000.0,44900.0,37500.0,33300.0
MLeague_stats2021-10-23,平均打点,3654.54,8600.0,6637.5,5625.0,6355.55,6125.0,7441.66,7350.0,12000.0,5316.66,6160.0,7950.0,6228.57,6100.0,5688.88,7371.42,5800.0,6877.77,6087.5,4640.0,4628.57,6983.33,6800.0,7755.55,5744.44,10666.66,4942.85,9180.0,9000.0,7220.0,5700.0,3390.9
MLeague_stats2021-10-23,副露率,0.43,0.21,0.19,0.33,0.21,0.36,0.11,0.0,0.14,0.17,0.18,0.2,0.02,0.11,0.16,0.27,0.11,0.13,0.25,0.16,0.12,0.16,0.11,0.13,0.21,0.11,0.13,0.27,0.18,0.26,0.37,0.27
MLeague_stats2021-10-23,リーチ率,0.14,0.31,0.12,0.22,0.15,0.11,0.29,0.15,0.11,0.31,0.21,0.13,0.25,0.26,0.23,0.27,0.25,0.16,0.15,0.3,0.22,0.16,0.35,0.36,0.24,0.23,0.16,0.15,0.21,0.26,0.16,0.31
MLeague_stats2021-10-23,アガリ率,0.22,0.06,0.25,0.22,0.23,0.22,0.22,0.15,0.03,0.2,0.27,0.18,0.19,0.17,0.2,0.21,0.11,0.24,0.25,0.16,0.22,0.12,0.2,0.4,0.24,0.08,0.23,0.15,0.12,0.17,0.2,0.37
MLeague_stats2021-10-23,放銃率,0.08,0.25,0.06,0.22,0.13,0.05,0.07,0.23,0.07,0.13,0.08,0.18,0.16,0.08,0.09,0.15,0.11,0.05,0.09,0.13,0.16,0.1,0.05,0.09,0.08,0.14,0.1,0.15,0.18,0.05,0.08,0.13
MLeague_stats2021-10-23,放銃平均打点,7200.0,8150.0,8000.0,3475.0,4600.0,1950.0,3725.0,8400.0,2750.0,5150.0,5466.66,6125.0,3766.66,3833.33,6000.0,5960.0,3175.0,4350.0,7966.66,4875.0,7400.0,4140.0,10950.0,2100.0,5333.33,5020.0,7666.66,9000.0,4966.66,4900.0,4350.0,3300.0
MLeague_stats2021-10-23,チーム,drivens,drivens,drivens,drivens,EX,EX,EX,EX,sakura,sakura,sakura,sakura,konami,konami,konami,konami,abemas,abemas,abemas,abemas,sega_summy,sega_summy,sega_summy,sega_summy,raiden,raiden,raiden,raiden,u-next,u-next,u-next,u-next
MLeague_stats2021-10-06,試合数,1.0,0.0,1.0,0.0,0.0,0.0,2.0,0.0,0.0,1.0,0.0,1.0,1.0,1.0,0.0,0.0,0.0,0.0,1.0,1.0,1.0,0.0,1.0,0.0,1.0,0.0,1.0,0.0,1.0,0.0,0.0,1.0
MLeague_stats2021-10-06,総局数,9.0,0.0,11.0,0.0,0.0,0.0,20.0,0.0,0.0,9.0,0.0,11.0,13.0,11.0,0.0,0.0,0.0,0.0,9.0,11.0,11.0,0.0,13.0,0.0,13.0,0.0,11.0,0.0,13.0,0.0,0.0,11.0
MLeague_stats2021-10-06,ポイント,-16.5,0.0,60.0,0.0,0.0,0.0,-44.3,0.0,0.0,-42.6,0.0,-25.1,13.4,-42.8,0.0,0.0,0.0,0.0,53.1,15.4,-16.1,0.0,-61.0,0.0,58.6,0.0,50.4,0.0,-11.0,0.0,0.0,8.5
MLeague_stats2021-10-06,平着,3.0,0.0,1.0,0.0,0.0,0.0,3.0,0.0,0.0,4.0,0.0,3.0,2.0,4.0,0.0,0.0,0.0,0.0,1.0,2.0,3.0,0.0,4.0,0.0,1.0,0.0,1.0,0.0,3.0,0.0,0.0,2.0
MLeague_stats2021-10-06,1位,0.0,0.0,1.0,0.0,0.0,0.0,0.0,0.0,0.0,0.0,0.0,0.0,0.0,0.0,0.0,0.0,0.0,0.0,1.0,0.0,0.0,0.0,0.0,0.0,1.0,0.0,1.0,0.0,0.0,0.0,0.0,0.0
MLeague_stats2021-10-06,2位,0.0,0.0,0.0,0.0,0.0,0.0,1.0,0.0,0.0,0.0,0.0,0.0,1.0,0.0,0.0,0.0,0.0,0.0,0.0,1.0,0.0,0.0,0.0,0.0,0.0,0.0,0.0,0.0,0.0,0.0,0.0,1.0
MLeague_stats2021-10-06,3位,1.0,0.0,0.0,0.0,0.0,0.0,0.0,0.0,0.0,0.0,0.0,1.0,0.0,0.0,0.0,0.0,0.0,0.0,0.0,0.0,1.0,0.0,0.0,0.0,0.0,0.0,0.0,0.0,1.0,0.0,0.0,0.0
MLeague_stats2021-10-06,4位,0.0,0.0,0.0,0.0,0.0,0.0,1.0,0.0,0.0,1.0,0.0,0.0,0.0,1.0,0.0,0.0,0.0,0.0,0.0,0.0,0.0,0.0,1.0,0.0,0.0,0.0,0.0,0.0,0.0,0.0,0.0,0.0
MLeague_stats2021-10-06,トップ率,0.0,0.0,1.0,0.0,0.0,0.0,0.0,0.0,0.0,0.0,0.0,0.0,0.0,0.0,0.0,0.0,0.0,0.0,1.0,0.0,0.0,0.0,0.0,0.0,1.0,0.0,1.0,0.0,0.0,0.0,0.0,0.0
MLeague_stats2021-10-06,連対率,0.0,0.0,1.0,0.0,0.0,0.0,0.5,0.0,0.0,0.0,0.0,0.0,1.0,0.0,0.0,0.0,0.0,0.0,1.0,1.0,0.0,0.0,0.0,0.0,1.0,0.0,1.0,0.0,0.0,0.0,0.0,1.0
MLeague_stats2021-10-06,ラス回避率,1.0,0.0,1.0,0.0,0.0,0.0,0.5,0.0,0.0,0.0,0.0,1.0,1.0,0.0,0.0,0.0,0.0,0.0,1.0,1.0,1.0,0.0,0.0,0.0,1.0,0.0,1.0,0.0,1.0,0.0,0.0,1.0
MLeague_stats2021-10-06,ベストスコア,23500.0,0.0,40000.0,0.0,0.0,0.0,26000.0,0.0,0.0,17400.0,0.0,14900.0,33400.0,17200.0,0.0,0.0,0.0,0.0,33100.0,35400.0,23900.0,0.0,-1000.0,0.0,38600.0,0.0,30400.0,0.0,29000.0,0.0,0.0,28500.0
MLeague_stats2021-10-06,平均打点,2000.0,0.0,5625.0,0.0,0.0,0.0,6000.0,0.0,0.0,2000.0,0.0,8000.0,8000.0,0.0,0.0,0.0,0.0,0.0,3366.66,5733.33,4200.0,0.0,6000.0,0.0,4780.0,0.0,4700.0,0.0,13000.0,0.0,0.0,3060.0
MLeague_stats2021-10-06,副露率,0.33,0.0,0.27,0.0,0.0,0.0,0.1,0.0,0.0,0.11,0.0,0.0,0.0,0.0,0.0,0.0,0.0,0.0,0.33,0.09,0.18,0.0,0.15,0.0,0.15,0.0,0.18,0.0,0.15,0.0,0.0,0.18
MLeague_stats2021-10-06,リーチ率,0.0,0.0,0.09,0.0,0.0,0.0,0.3,0.0,0.0,0.33,0.0,0.18,0.23,0.09,0.0,0.0,0.0,0.0,0.33,0.45,0.36,0.0,0.23,0.0,0.15,0.0,0.27,0.0,0.15,0.0,0.0,0.36
MLeague_stats2021-10-06,アガリ率,0.11,0.0,0.36,0.0,0.0,0.0,0.1,0.0,0.0,0.11,0.0,0.09,0.23,0.0,0.0,0.0,0.0,0.0,0.33,0.27,0.27,0.0,0.07,0.0,0.38,0.0,0.27,0.0,0.15,0.0,0.0,0.45
MLeague_stats2021-10-06,放銃率,0.0,0.0,0.0,0.0,0.0,0.0,0.15,0.0,0.0,0.0,0.0,0.18,0.15,0.18,0.0,0.0,0.0,0.0,0.0,0.18,0.09,0.0,0.07,0.0,0.0,0.0,0.09,0.0,0.07,0.0,0.0,0.27
MLeague_stats2021-10-06,放銃平均打点,0.0,0.0,0.0,0.0,0.0,0.0,4300.0,0.0,0.0,0.0,0.0,4650.0,1950.0,1750.0,0.0,0.0,0.0,0.0,0.0,3250.0,12000.0,0.0,18000.0,0.0,0.0,0.0,5800.0,0.0,8000.0,0.0,0.0,3866.66
MLeague_stats2021-10-06,チーム,drivens,drivens,drivens,drivens,EX,EX,EX,EX,sakura,sakura,sakura,sakura,konami,konami,konami,konami,abemas,abemas,abemas,abemas,sega_summy,sega_summy,sega_summy,sega_summy,raiden,raiden,raiden,raiden,u-next,u-next,u-next,u-next
MLeague_stats2021-10-13,試合数,2.0,1.0,2.0,1.0,1.0,0.0,4.0,1.0,1.0,2.0,1.0,2.0,2.0,2.0,1.0,1.0,1.0,1.0,2.0,2.0,2.0,1.0,2.0,1.0,2.0,1.0,1.0,2.0,2.0,1.0,1.0,2.0
MLeague_stats2021-10-13,総局数,19.0,10.0,21.0,10.0,10.0,0.0,41.0,13.0,11.0,19.0,13.0,21.0,24.0,21.0,11.0,13.0,10.0,10.0,19.0,22.0,21.0,10.0,24.0,10.0,24.0,10.0,11.0,20.0,23.0,13.0,11.0,21.0
MLeague_stats2021-10-13,ポイント,-9.8,-29.4,36.3,-26.6,73.0,0.0,86.7,-57.4,9.6,-37.7,68.2,-80.2,-16.1,33.4,-53.1,6.0,-20.2,14.0,22.3,-39.3,42.0,-52.0,11.3,15.7,70.5,-44.6,50.4,6.3,-60.6,-16.8,-19.1,17.2
MLeague_stats2021-10-13,平着,2.5,3.0,2.0,3.0,1.0,0.0,2.0,4.0,2.0,3.0,1.0,3.5,2.5,2.5,4.0,2.0,3.0,2.0,2.0,3.0,2.0,4.0,2.5,2.0,1.5,4.0,1.0,2.5,3.5,3.0,3.0,2.0
MLeague_stats2021-10-13,1位,0.0,0.0,1.0,0.0,1.0,0.0,2.0,0.0,0.0,0.0,1.0,0.0,0.0,1.0,0.0,0.0,0.0,0.0,1.0,0.0,1.0,0.0,1.0,0.0,1.0,0.0,1.0,1.0,0.0,0.0,0.0,0.0
MLeague_stats2021-10-13,2位,1.0,0.0,0.0,0.0,0.0,0.0,1.0,0.0,1.0,1.0,0.0,0.0,1.0,0.0,0.0,1.0,0.0,1.0,0.0,1.0,0.0,0.0,0.0,1.0,1.0,0.0,0.0,0.0,0.0,0.0,0.0,2.0
MLeague_stats2021-10-13,3位,1.0,1.0,1.0,1.0,0.0,0.0,0.0,0.0,0.0,0.0,0.0,1.0,1.0,0.0,0.0,0.0,1.0,0.0,1.0,0.0,1.0,0.0,0.0,0.0,0.0,0.0,0.0,0.0,1.0,1.0,1.0,0.0
MLeague_stats2021-10-13,4位,0.0,0.0,0.0,0.0,0.0,0.0,1.0,1.0,0.0,1.0,0.0,1.0,0.0,1.0,1.0,0.0,0.0,0.0,0.0,1.0,0.0,1.0,1.0,0.0,0.0,1.0,0.0,1.0,1.0,0.0,0.0,0.0
MLeague_stats2021-10-13,トップ率,0.0,0.0,0.5,0.0,1.0,0.0,0.5,0.0,0.0,0.0,1.0,0.0,0.0,0.5,0.0,0.0,0.0,0.0,0.5,0.0,0.5,0.0,0.5,0.0,0.5,0.0,1.0,0.5,0.0,0.0,0.0,0.0
MLeague_stats2021-10-13,連対率,0.5,0.0,0.5,0.0,1.0,0.0,0.75,0.0,1.0,0.5,1.0,0.0,0.5,0.5,0.0,1.0,0.0,1.0,0.5,0.5,0.5,0.0,0.5,1.0,1.0,0.0,1.0,0.5,0.0,0.0,0.0,1.0
MLeague_stats2021-10-13,ラス回避率,1.0,1.0,1.0,1.0,1.0,0.0,0.75,0.0,1.0,0.5,1.0,0.5,1.0,0.5,0.0,1.0,1.0,1.0,1.0,0.5,1.0,0.0,0.5,1.0,1.0,0.0,1.0,0.5,0.5,1.0,1.0,1.0
MLeague_stats2021-10-13,ベストスコア,26700.0,10600.0,40000.0,13400.0,53000.0,0.0,48400.0,2600.0,29600.0,24900.0,48200.0,14900.0,33400.0,56200.0,6900.0,26000.0,19800.0,34000.0,33100.0,35400.0,38100.0,8000.0,52300.0,35700.0,38600.0,15400.0,30400.0,47400.0,29000.0,23200.0,20900.0,28700.0
MLeague_stats2021-10-13,平均打点,2560.0,5200.0,6100.0,4650.0,7525.0,0.0,8300.0,7350.0,12000.0,4650.0,7666.66,4800.0,6500.0,6520.0,2900.0,8400.0,5200.0,8900.0,3200.0,5300.0,4628.57,2000.0,7960.0,7000.0,5462.5,0.0,4700.0,8633.33,9333.33,2000.0,4200.0,3287.5
MLeague_stats2021-10-13,副露率,0.42,0.2,0.19,0.2,0.2,0.0,0.12,0.0,0.27,0.21,0.3,0.09,0.04,0.14,0.09,0.38,0.0,0.0,0.21,0.18,0.14,0.1,0.12,0.0,0.25,0.2,0.18,0.35,0.21,0.3,0.45,0.28
MLeague_stats2021-10-13,リーチ率,0.1,0.5,0.14,0.2,0.3,0.0,0.29,0.15,0.0,0.21,0.15,0.09,0.2,0.23,0.36,0.23,0.4,0.3,0.15,0.31,0.33,0.1,0.37,0.5,0.25,0.1,0.27,0.15,0.17,0.23,0.18,0.23
MLeague_stats2021-10-13,アガリ率,0.26,0.1,0.23,0.2,0.4,0.0,0.19,0.15,0.09,0.21,0.23,0.09,0.16,0.23,0.09,0.23,0.1,0.2,0.21,0.18,0.33,0.1,0.2,0.3,0.33,0.0,0.27,0.15,0.13,0.15,0.27,0.38
MLeague_stats2021-10-13,放銃率,0.05,0.1,0.04,0.3,0.1,0.0,0.09,0.23,0.09,0.1,0.0,0.19,0.12,0.09,0.18,0.15,0.2,0.0,0.05,0.13,0.09,0.1,0.08,0.1,0.04,0.1,0.09,0.1,0.13,0.0,0.09,0.19
MLeague_stats2021-10-13,放銃平均打点,7700.0,3900.0,8000.0,3966.66,1300.0,0.0,3725.0,8400.0,2600.0,5300.0,0.0,5625.0,2600.0,1750.0,5000.0,7000.0,2450.0,0.0,8000.0,6166.66,7950.0,5800.0,10950.0,2600.0,2000.0,2600.0,5800.0,6500.0,4200.0,0.0,2900.0,3300.0
MLeague_stats2021-10-13,チーム,drivens,drivens,drivens,drivens,EX,EX,EX,EX,sakura,sakura,sakura,sakura,konami,konami,konami,konami,abemas,abemas,abemas,abemas,sega_summy,sega_summy,sega_summy,sega_summy,raiden,raiden,raiden,raiden,u-next,u-next,u-next,u-next
MLeague_stats2021-10-07,試合数,2.0,1.0,1.0,0.0,0.0,0.0,2.0,0.0,0.0,1.0,0.0,1.0,1.0,1.0,0.0,0.0,1.0,1.0,1.0,1.0,2.0,1.0,1.0,0.0,1.0,1.0,1.0,1.0,1.0,0.0,0.0,1.0
MLeague_stats2021-10-07,総局数,19.0,10.0,11.0,0.0,0.0,0.0,20.0,0.0,0.0,9.0,0.0,11.0,13.0,11.0,0.0,0.0,10.0,10.0,9.0,11.0,21.0,10.0,13.0,0.0,13.0,10.0,11.0,10.0,13.0,0.0,0.0,11.0
MLeague_stats2021-10-07,ポイント,-9.8,-29.4,60.0,0.0,0.0,0.0,-44.3,0.0,0.0,-42.6,0.0,-25.1,13.4,-42.8,0.0,0.0,-20.2,14.0,53.1,15.4,42.0,-52.0,-61.0,0.0,58.6,-44.6,50.4,67.4,-11.0,0.0,0.0,8.5
MLeague_stats2021-10-07,平着,2.5,3.0,1.0,0.0,0.0,0.0,3.0,0.0,0.0,4.0,0.0,3.0,2.0,4.0,0.0,0.0,3.0,2.0,1.0,2.0,2.0,4.0,4.0,0.0,1.0,4.0,1.0,1.0,3.0,0.0,0.0,2.0
MLeague_stats2021-10-07,1位,0.0,0.0,1.0,0.0,0.0,0.0,0.0,0.0,0.0,0.0,0.0,0.0,0.0,0.0,0.0,0.0,0.0,0.0,1.0,0.0,1.0,0.0,0.0,0.0,1.0,0.0,1.0,1.0,0.0,0.0,0.0,0.0
MLeague_stats2021-10-07,2位,1.0,0.0,0.0,0.0,0.0,0.0,1.0,0.0,0.0,0.0,0.0,0.0,1.0,0.0,0.0,0.0,0.0,1.0,0.0,1.0,0.0,0.0,0.0,0.0,0.0,0.0,0.0,0.0,0.0,0.0,0.0,1.0
MLeague_stats2021-10-07,3位,1.0,1.0,0.0,0.0,0.0,0.0,0.0,0.0,0.0,0.0,0.0,1.0,0.0,0.0,0.0,0.0,1.0,0.0,0.0,0.0,1.0,0.0,0.0,0.0,0.0,0.0,0.0,0.0,1.0,0.0,0.0,0.0
MLeague_stats2021-10-07,4位,0.0,0.0,0.0,0.0,0.0,0.0,1.0,0.0,0.0,1.0,0.0,0.0,0.0,1.0,0.0,0.0,0.0,0.0,0.0,0.0,0.0,1.0,1.0,0.0,0.0,1.0,0.0,0.0,0.0,0.0,0.0,0.0
MLeague_stats2021-10-07,トップ率,0.0,0.0,1.0,0.0,0.0,0.0,0.0,0.0,0.0,0.0,0.0,0.0,0.0,0.0,0.0,0.0,0.0,0.0,1.0,0.0,0.5,0.0,0.0,0.0,1.0,0.0,1.0,1.0,0.0,0.0,0.0,0.0
MLeague_stats2021-10-07,連対率,0.5,0.0,1.0,0.0,0.0,0.0,0.5,0.0,0.0,0.0,0.0,0.0,1.0,0.0,0.0,0.0,0.0,1.0,1.0,1.0,0.5,0.0,0.0,0.0,1.0,0.0,1.0,1.0,0.0,0.0,0.0,1.0
MLeague_stats2021-10-07,ラス回避率,1.0,1.0,1.0,0.0,0.0,0.0,0.5,0.0,0.0,0.0,0.0,1.0,1.0,0.0,0.0,0.0,1.0,1.0,1.0,1.0,1.0,0.0,0.0,0.0,1.0,0.0,1.0,1.0,1.0,0.0,0.0,1.0
MLeague_stats2021-10-07,ベストスコア,26700.0,10600.0,40000.0,0.0,0.0,0.0,26000.0,0.0,0.0,17400.0,0.0,14900.0,33400.0,17200.0,0.0,0.0,19800.0,34000.0,33100.0,35400.0,38100.0,8000.0,-1000.0,0.0,38600.0,15400.0,30400.0,47400.0,29000.0,0.0,0.0,28500.0
MLeague_stats2021-10-07,平均打点,2560.0,5200.0,5625.0,0.0,0.0,0.0,6000.0,0.0,0.0,2000.0,0.0,8000.0,8000.0,0.0,0.0,0.0,5200.0,8900.0,3366.66,5733.33,4628.57,2000.0,6000.0,0.0,4780.0,0.0,4700.0,8633.33,13000.0,0.0,0.0,3060.0
MLeague_stats2021-10-07,副露率,0.42,0.2,0.27,0.0,0.0,0.0,0.1,0.0,0.0,0.11,0.0,0.0,0.0,0.0,0.0,0.0,0.0,0.0,0.33,0.09,0.14,0.1,0.15,0.0,0.15,0.2,0.18,0.4,0.15,0.0,0.0,0.18
MLeague_stats2021-10-07,リーチ率,0.1,0.5,0.09,0.0,0.0,0.0,0.3,0.0,0.0,0.33,0.0,0.18,0.23,0.09,0.0,0.0,0.4,0.3,0.33,0.45,0.33,0.1,0.23,0.0,0.15,0.1,0.27,0.2,0.15,0.0,0.0,0.36
MLeague_stats2021-10-07,アガリ率,0.26,0.1,0.36,0.0,0.0,0.0,0.1,0.0,0.0,0.11,0.0,0.09,0.23,0.0,0.0,0.0,0.1,0.2,0.33,0.27,0.33,0.1,0.07,0.0,0.38,0.0,0.27,0.3,0.15,0.0,0.0,0.45
MLeague_stats2021-10-07,放銃率,0.05,0.1,0.0,0.0,0.0,0.0,0.15,0.0,0.0,0.0,0.0,0.18,0.15,0.18,0.0,0.0,0.2,0.0,0.0,0.18,0.09,0.1,0.07,0.0,0.0,0.1,0.09,0.0,0.07,0.0,0.0,0.27
MLeague_stats2021-10-07,放銃平均打点,7700.0,3900.0,0.0,0.0,0.0,0.0,4300.0,0.0,0.0,0.0,0.0,4650.0,1950.0,1750.0,0.0,0.0,2450.0,0.0,0.0,3250.0,7950.0,5800.0,18000.0,0.0,0.0,2600.0,5800.0,0.0,8000.0,0.0,0.0,3866.66
MLeague_stats2021-10-07,チーム,drivens,drivens,drivens,drivens,EX,EX,EX,EX,sakura,sakura,sakura,sakura,konami,konami,konami,konami,abemas,abemas,abemas,abemas,sega_summy,sega_summy,sega_summy,sega_summy,raiden,raiden,raiden,raiden,u-next,u-next,u-next,u-next
MLeague_stats2021-10-05,試合数,1.0,0.0,1.0,0.0,0.0,0.0,2.0,0.0,0.0,1.0,0.0,1.0,1.0,1.0,0.0,0.0,0.0,0.0,1.0,1.0,1.0,0.0,1.0,0.0,1.0,0.0,1.0,0.0,1.0,0.0,0.0,1.0
MLeague_stats2021-10-05,総局数,9.0,0.0,11.0,0.0,0.0,0.0,20.0,0.0,0.0,9.0,0.0,11.0,13.0,11.0,0.0,0.0,0.0,0.0,9.0,11.0,11.0,0.0,13.0,0.0,13.0,0.0,11.0,0.0,13.0,0.0,0.0,11.0
MLeague_stats2021-10-05,ポイント,-16.5,0.0,60.0,0.0,0.0,0.0,-44.3,0.0,0.0,-42.6,0.0,-25.1,13.4,-42.8,0.0,0.0,0.0,0.0,53.1,15.4,-16.1,0.0,-61.0,0.0,58.6,0.0,50.4,0.0,-11.0,0.0,0.0,8.5
MLeague_stats2021-10-05,平着,3.0,0.0,1.0,0.0,0.0,0.0,3.0,0.0,0.0,4.0,0.0,3.0,2.0,4.0,0.0,0.0,0.0,0.0,1.0,2.0,3.0,0.0,4.0,0.0,1.0,0.0,1.0,0.0,3.0,0.0,0.0,2.0
MLeague_stats2021-10-05,1位,0.0,0.0,1.0,0.0,0.0,0.0,0.0,0.0,0.0,0.0,0.0,0.0,0.0,0.0,0.0,0.0,0.0,0.0,1.0,0.0,0.0,0.0,0.0,0.0,1.0,0.0,1.0,0.0,0.0,0.0,0.0,0.0
MLeague_stats2021-10-05,2位,0.0,0.0,0.0,0.0,0.0,0.0,1.0,0.0,0.0,0.0,0.0,0.0,1.0,0.0,0.0,0.0,0.0,0.0,0.0,1.0,0.0,0.0,0.0,0.0,0.0,0.0,0.0,0.0,0.0,0.0,0.0,1.0
MLeague_stats2021-10-05,3位,1.0,0.0,0.0,0.0,0.0,0.0,0.0,0.0,0.0,0.0,0.0,1.0,0.0,0.0,0.0,0.0,0.0,0.0,0.0,0.0,1.0,0.0,0.0,0.0,0.0,0.0,0.0,0.0,1.0,0.0,0.0,0.0
MLeague_stats2021-10-05,4位,0.0,0.0,0.0,0.0,0.0,0.0,1.0,0.0,0.0,1.0,0.0,0.0,0.0,1.0,0.0,0.0,0.0,0.0,0.0,0.0,0.0,0.0,1.0,0.0,0.0,0.0,0.0,0.0,0.0,0.0,0.0,0.0
MLeague_stats2021-10-05,トップ率,0.0,0.0,1.0,0.0,0.0,0.0,0.0,0.0,0.0,0.0,0.0,0.0,0.0,0.0,0.0,0.0,0.0,0.0,1.0,0.0,0.0,0.0,0.0,0.0,1.0,0.0,1.0,0.0,0.0,0.0,0.0,0.0
MLeague_stats2021-10-05,連対率,0.0,0.0,1.0,0.0,0.0,0.0,0.5,0.0,0.0,0.0,0.0,0.0,1.0,0.0,0.0,0.0,0.0,0.0,1.0,1.0,0.0,0.0,0.0,0.0,1.0,0.0,1.0,0.0,0.0,0.0,0.0,1.0
MLeague_stats2021-10-05,ラス回避率,1.0,0.0,1.0,0.0,0.0,0.0,0.5,0.0,0.0,0.0,0.0,1.0,1.0,0.0,0.0,0.0,0.0,0.0,1.0,1.0,1.0,0.0,0.0,0.0,1.0,0.0,1.0,0.0,1.0,0.0,0.0,1.0
MLeague_stats2021-10-05,ベストスコア,23500.0,0.0,40000.0,0.0,0.0,0.0,26000.0,0.0,0.0,17400.0,0.0,14900.0,33400.0,17200.0,0.0,0.0,0.0,0.0,33100.0,35400.0,23900.0,0.0,-1000.0,0.0,38600.0,0.0,30400.0,0.0,29000.0,0.0,0.0,28500.0
MLeague_stats2021-10-05,平均打点,2000.0,0.0,5625.0,0.0,0.0,0.0,6000.0,0.0,0.0,2000.0,0.0,8000.0,8000.0,0.0,0.0,0.0,0.0,0.0,3366.66,5733.33,4200.0,0.0,6000.0,0.0,4780.0,0.0,4700.0,0.0,13000.0,0.0,0.0,3060.0
MLeague_stats2021-10-05,副露率,0.33,0.0,0.27,0.0,0.0,0.0,0.1,0.0,0.0,0.11,0.0,0.0,0.0,0.0,0.0,0.0,0.0,0.0,0.33,0.09,0.18,0.0,0.0,0.0,0.0,0.0,0.18,0.0,0.0,0.0,0.0,0.18
MLeague_stats2021-10-05,リーチ率,0.0,0.0,0.09,0.0,0.0,0.0,0.3,0.0,0.0,0.33,0.0,0.18,0.23,0.09,0.0,0.0,0.0,0.0,0.33,0.45,0.36,0.0,0.23,0.0,0.15,0.0,0.27,0.0,0.15,0.0,0.0,0.36
MLeague_stats2021-10-05,アガリ率,0.11,0.0,0.36,0.0,0.0,0.0,0.1,0.0,0.0,0.11,0.0,0.09,0.23,0.0,0.0,0.0,0.0,0.0,0.33,0.27,0.27,0.0,0.07,0.0,0.38,0.0,0.27,0.0,0.15,0.0,0.0,0.45
MLeague_stats2021-10-05,放銃率,0.0,0.0,0.0,0.0,0.0,0.0,0.15,0.0,0.0,0.0,0.0,0.18,0.15,0.18,0.0,0.0,0.0,0.0,0.0,0.18,0.09,0.0,0.07,0.0,0.0,0.0,0.09,0.0,0.07,0.0,0.0,0.27
MLeague_stats2021-10-05,放銃平均打点,0.0,0.0,0.0,0.0,0.0,0.0,4300.0,0.0,0.0,0.0,0.0,4650.0,1950.0,1750.0,0.0,0.0,0.0,0.0,0.0,3250.0,12000.0,0.0,18000.0,0.0,0.0,0.0,5800.0,0.0,8000.0,0.0,0.0,3866.66
MLeague_stats2021-10-05,チーム,drivens,drivens,drivens,drivens,EX,EX,EX,EX,sakura,sakura,sakura,sakura,konami,konami,konami,konami,abemas,abemas,abemas,abemas,sega_summy,sega_summy,sega_summy,sega_summy,raiden,raiden,raiden,raiden,u-next,u-next,u-next,u-next
MLeague_stats2021-12-01,試合数,10.0,9.0,10.0,5.0,8.0,10.0,9.0,7.0,7.0,8.0,8.0,11.0,9.0,9.0,8.0,8.0,8.0,9.0,9.0,8.0,9.0,10.0,9.0,6.0,8.0,9.0,7.0,10.0,8.0,11.0,7.0,8.0
MLeague_stats2021-12-01,総局数,112.0,98.0,116.0,53.0,104.0,132.0,103.0,85.0,89.0,90.0,102.0,126.0,105.0,111.0,95.0,106.0,86.0,107.0,109.0,88.0,107.0,121.0,116.0,69.0,103.0,101.0,90.0,119.0,95.0,146.0,77.0,83.0
MLeague_stats2021-12-01,ポイント,38.3,-360.9,98.8,47.3,89.3,264.4,197.9,43.8,-28.9,-191.6,126.6,150.1,170.9,-78.7,-69.7,277.5,28.3,139.7,5.6,-189.0,-61.0,-24.3,35.7,-53.3,-153.3,-83.1,-155.0,-152.1,-106.1,-42.9,-23.4,59.1
MLeague_stats2021-12-01,平着,2.4,3.33,2.2,2.2,2.12,1.8,2.0,2.28,2.71,3.06,2.12,2.13,2.0,2.88,2.81,1.87,2.37,2.11,2.44,3.12,2.66,2.6,2.33,3.0,3.0,2.77,3.0,2.85,2.87,2.54,2.57,2.12
MLeague_stats2021-12-01,1位,2.0,1.0,4.0,2.0,1.0,6.0,4.0,2.0,2.0,0.0,4.0,3.0,4.0,3.0,2.0,4.0,2.0,3.0,1.0,0.0,2.0,2.0,2.0,1.0,1.0,2.0,1.0,1.0,1.0,2.0,1.0,1.0
MLeague_stats2021-12-01,2位,3.0,1.0,2.0,1.0,6.0,1.0,2.0,3.0,1.0,2.0,1.0,4.0,2.0,0.0,0.0,1.0,2.0,2.0,5.0,1.0,1.0,3.0,4.0,1.0,1.0,2.0,1.0,2.0,1.0,4.0,2.0,6.0
MLeague_stats2021-12-01,3位,4.0,1.0,2.0,1.0,0.0,2.0,2.0,0.0,1.0,3.0,1.0,3.0,2.0,1.0,3.0,3.0,3.0,4.0,1.0,5.0,4.0,2.0,1.0,1.0,3.0,1.0,2.0,4.0,4.0,2.0,3.0,0.0
MLeague_stats2021-12-01,4位,1.0,6.0,2.0,1.0,1.0,1.0,1.0,2.0,3.0,3.0,2.0,1.0,1.0,5.0,3.0,0.0,1.0,0.0,2.0,2.0,2.0,3.0,2.0,3.0,3.0,4.0,3.0,3.0,2.0,3.0,1.0,1.0
MLeague_stats2021-12-01,トップ率,0.2,0.11,0.4,0.4,0.12,0.6,0.44,0.28,0.28,0.0,0.5,0.27,0.44,0.33,0.25,0.5,0.25,0.33,0.11,0.0,0.22,0.2,0.22,0.16,0.12,0.22,0.14,0.1,0.12,0.18,0.14,0.12
MLeague_stats2021-12-01,連対率,0.5,0.22,0.6,0.6,0.87,0.7,0.66,0.71,0.42,0.25,0.62,0.63,0.66,0.33,0.25,0.62,0.5,0.55,0.66,0.12,0.33,0.5,0.66,0.33,0.25,0.44,0.28,0.3,0.25,0.54,0.42,0.87
MLeague_stats2021-12-01,ラス回避率,0.9,0.33,0.8,0.8,0.87,0.9,0.88,0.71,0.57,0.62,0.75,0.9,0.88,0.44,0.62,1.0,0.87,1.0,0.77,0.75,0.77,0.7,0.77,0.5,0.62,0.55,0.57,0.7,0.75,0.72,0.85,0.87
MLeague_stats2021-12-01,ベストスコア,44600.0,45200.0,47900.0,35600.0,53000.0,50500.0,60100.0,66700.0,44300.0,33500.0,48200.0,61800.0,62600.0,56200.0,52100.0,105500.0,51900.0,49700.0,45400.0,35400.0,44800.0,57200.0,62100.0,77200.0,38600.0,48400.0,30400.0,47400.0,40800.0,44900.0,58600.0,33300.0
MLeague_stats2021-12-01,平均打点,5368.0,5418.18,7631.81,5183.33,6845.83,7258.06,7376.0,6890.47,8316.66,6229.41,6485.0,6493.1,6940.0,5493.75,5605.0,8307.14,5055.55,7418.18,6926.92,5600.0,6920.0,7420.0,9070.0,6329.41,6435.29,6975.0,5852.94,6947.05,5883.33,5103.22,6355.55,4390.9
MLeague_stats2021-12-01,副露率,0.34,0.18,0.17,0.3,0.15,0.31,0.14,0.2,0.15,0.18,0.18,0.22,0.13,0.13,0.22,0.26,0.19,0.19,0.2,0.15,0.21,0.15,0.18,0.17,0.11,0.11,0.08,0.22,0.25,0.24,0.31,0.18
MLeague_stats2021-12-01,リーチ率,0.23,0.19,0.18,0.18,0.23,0.18,0.25,0.22,0.21,0.27,0.17,0.16,0.18,0.21,0.18,0.25,0.24,0.2,0.17,0.26,0.16,0.18,0.27,0.23,0.27,0.27,0.21,0.15,0.22,0.26,0.16,0.3
MLeague_stats2021-12-01,アガリ率,0.22,0.11,0.18,0.22,0.23,0.23,0.24,0.24,0.13,0.18,0.19,0.23,0.23,0.14,0.21,0.26,0.2,0.2,0.23,0.15,0.18,0.16,0.17,0.24,0.16,0.15,0.18,0.14,0.18,0.21,0.23,0.26
MLeague_stats2021-12-01,放銃率,0.07,0.2,0.12,0.11,0.08,0.11,0.12,0.14,0.12,0.15,0.04,0.08,0.1,0.07,0.09,0.13,0.1,0.1,0.05,0.1,0.12,0.11,0.14,0.1,0.13,0.15,0.14,0.12,0.11,0.1,0.09,0.08
MLeague_stats2021-12-01,放銃平均打点,6975.0,7210.0,5485.71,3516.66,5833.33,5173.33,4053.84,6941.66,3800.0,7057.14,5340.0,5609.09,4345.45,4050.0,6511.11,5257.14,4733.33,4327.27,6533.33,4588.88,6615.38,5157.14,5994.11,4600.0,5335.71,4956.25,6476.92,5633.33,5954.54,7313.33,6471.42,3771.42
MLeague_stats2021-12-01,チーム,drivens,drivens,drivens,drivens,EX,EX,EX,EX,sakura,sakura,sakura,sakura,konami,konami,konami,konami,abemas,abemas,abemas,abemas,sega_summy,sega_summy,sega_summy,sega_summy,raiden,raiden,raiden,raiden,u-next,u-next,u-next,u-next
MLeague_stats2021-12-04,試合数,11.0,9.0,10.0,6.0,9.0,10.0,9.0,8.0,8.0,8.0,9.0,11.0,9.0,10.0,9.0,8.0,8.0,10.0,10.0,8.0,9.0,10.0,10.0,7.0,9.0,9.0,8.0,10.0,8.0,12.0,7.0,9.0
MLeague_stats2021-12-04,総局数,124.0,98.0,116.0,62.0,118.0,132.0,103.0,100.0,98.0,90.0,114.0,126.0,105.0,125.0,110.0,106.0,86.0,119.0,118.0,88.0,107.0,121.0,130.0,84.0,112.0,101.0,102.0,119.0,95.0,161.0,77.0,97.0
MLeague_stats2021-12-04,ポイント,-24.5,-360.9,98.8,-0.2,104.8,264.4,197.9,2.2,-46.1,-191.6,109.0,150.1,170.9,1.5,-150.1,277.5,28.3,146.6,59.0,-189.0,-61.0,-24.3,-0.4,-53.7,-142.0,-83.1,-81.5,-152.1,-106.1,79.5,-23.4,-0.5
MLeague_stats2021-12-04,平着,2.54,3.33,2.2,2.5,2.11,1.8,2.0,2.37,2.75,3.06,2.22,2.13,2.0,2.7,2.94,1.87,2.37,2.1,2.29,3.12,2.66,2.6,2.4,2.85,2.88,2.77,2.75,2.85,2.87,2.41,2.57,2.33
MLeague_stats2021-12-04,1位,2.0,1.0,4.0,2.0,1.0,6.0,4.0,2.0,2.0,0.0,4.0,3.0,4.0,4.0,2.0,4.0,2.0,3.0,2.0,0.0,2.0,2.0,2.0,1.0,1.0,2.0,2.0,1.0,1.0,3.0,1.0,1.0
MLeague_stats2021-12-04,2位,3.0,1.0,2.0,1.0,7.0,1.0,2.0,3.0,1.0,2.0,1.0,4.0,2.0,0.0,0.0,1.0,2.0,3.0,5.0,1.0,1.0,3.0,4.0,2.0,2.0,2.0,1.0,2.0,1.0,4.0,2.0,6.0
MLeague_stats2021-12-04,3位,4.0,1.0,2.0,1.0,0.0,2.0,2.0,1.0,2.0,3.0,2.0,3.0,2.0,1.0,3.0,3.0,3.0,4.0,1.0,5.0,4.0,2.0,2.0,1.0,3.0,1.0,2.0,4.0,4.0,2.0,3.0,0.0
MLeague_stats2021-12-04,4位,2.0,6.0,2.0,2.0,1.0,1.0,1.0,2.0,3.0,3.0,2.0,1.0,1.0,5.0,4.0,0.0,1.0,0.0,2.0,2.0,2.0,3.0,2.0,3.0,3.0,4.0,3.0,3.0,2.0,3.0,1.0,2.0
MLeague_stats2021-12-04,トップ率,0.18,0.11,0.4,0.33,0.11,0.6,0.44,0.25,0.25,0.0,0.44,0.27,0.44,0.4,0.22,0.5,0.25,0.3,0.2,0.0,0.22,0.2,0.2,0.14,0.11,0.22,0.25,0.1,0.12,0.25,0.14,0.11
MLeague_stats2021-12-04,連対率,0.45,0.22,0.6,0.5,0.88,0.7,0.66,0.62,0.37,0.25,0.55,0.63,0.66,0.4,0.22,0.62,0.5,0.6,0.7,0.12,0.33,0.5,0.6,0.42,0.33,0.44,0.37,0.3,0.25,0.58,0.42,0.77
MLeague_stats2021-12-04,ラス回避率,0.81,0.33,0.8,0.66,0.88,0.9,0.88,0.75,0.62,0.62,0.77,0.9,0.88,0.5,0.55,1.0,0.87,1.0,0.8,0.75,0.77,0.7,0.8,0.57,0.66,0.55,0.62,0.7,0.75,0.75,0.85,0.77
MLeague_stats2021-12-04,ベストスコア,44600.0,45200.0,47900.0,35600.0,53000.0,50500.0,60100.0,66700.0,44300.0,33500.0,48200.0,61800.0,62600.0,60200.0,52100.0,105500.0,51900.0,49700.0,45400.0,35400.0,44800.0,57200.0,62100.0,77200.0,38600.0,48400.0,53500.0,47400.0,40800.0,102400.0,58600.0,33300.0
MLeague_stats2021-12-04,平均打点,5368.0,5418.18,7631.81,5585.71,7118.51,7258.06,7376.0,6700.0,8292.3,6229.41,6339.13,6493.1,6940.0,7025.0,5642.85,8307.14,5055.55,7466.66,7003.57,5600.0,6920.0,7420.0,8478.26,6280.0,6515.0,6975.0,6775.0,6947.05,5883.33,6066.66,6355.55,4350.0
MLeague_stats2021-12-04,副露率,0.33,0.18,0.17,0.27,0.15,0.31,0.14,0.21,0.14,0.18,0.17,0.22,0.13,0.15,0.2,0.26,0.19,0.21,0.2,0.15,0.21,0.15,0.22,0.17,0.11,0.11,0.07,0.22,0.25,0.25,0.31,0.17
MLeague_stats2021-12-04,リーチ率,0.24,0.19,0.18,0.22,0.22,0.18,0.25,0.19,0.2,0.27,0.17,0.16,0.18,0.2,0.19,0.25,0.24,0.21,0.17,0.26,0.16,0.18,0.26,0.21,0.28,0.27,0.22,0.15,0.22,0.26,0.16,0.3
MLeague_stats2021-12-04,アガリ率,0.2,0.11,0.18,0.22,0.22,0.23,0.24,0.22,0.13,0.18,0.2,0.23,0.23,0.16,0.19,0.26,0.2,0.2,0.23,0.15,0.18,0.16,0.17,0.23,0.17,0.15,0.19,0.14,0.18,0.24,0.23,0.24
MLeague_stats2021-12-04,放銃率,0.08,0.2,0.12,0.12,0.09,0.11,0.12,0.14,0.11,0.15,0.05,0.08,0.1,0.07,0.1,0.13,0.1,0.1,0.05,0.1,0.12,0.11,0.13,0.09,0.12,0.15,0.12,0.12,0.11,0.09,0.09,0.07
MLeague_stats2021-12-04,放銃平均打点,7040.0,7210.0,5485.71,5125.0,5363.63,5173.33,4053.84,6664.28,3800.0,7057.14,6450.0,5609.09,4345.45,3888.88,7690.9,5257.14,4733.33,4091.66,5742.85,4588.88,6615.38,5157.14,5877.77,4150.0,5335.71,4956.25,6476.92,5633.33,5954.54,7313.33,6471.42,3771.42
MLeague_stats2021-12-04,チーム,drivens,drivens,drivens,drivens,EX,EX,EX,EX,sakura,sakura,sakura,sakura,konami,konami,konami,konami,abemas,abemas,abemas,abemas,sega_summy,sega_summy,sega_summy,sega_summy,raiden,raiden,raiden,raiden,u-next,u-next,u-next,u-next
MLeague_stats2021-10-15,試合数,2.0,1.0,2.0,1.0,2.0,0.0,5.0,1.0,1.0,2.0,1.0,2.0,2.0,3.0,2.0,1.0,2.0,2.0,2.0,2.0,2.0,1.0,2.0,1.0,2.0,1.0,1.0,2.0,2.0,2.0,2.0,2.0
MLeague_stats2021-10-15,総局数,19.0,10.0,21.0,10.0,28.0,0.0,54.0,13.0,11.0,19.0,13.0,21.0,24.0,34.0,29.0,13.0,23.0,28.0,19.0,22.0,21.0,10.0,24.0,10.0,24.0,10.0,11.0,20.0,23.0,31.0,24.0,21.0
MLeague_stats2021-10-15,ポイント,-9.8,-29.4,36.3,-26.6,12.2,0.0,147.4,-57.4,9.6,-37.7,68.2,-80.2,-16.1,-17.2,-80.7,6.0,-47.8,37.5,22.3,-39.3,42.0,-52.0,11.3,15.7,70.5,-44.6,50.4,6.3,-60.6,48.1,-1.6,17.2
MLeague_stats2021-10-15,平着,2.5,3.0,2.0,3.0,2.5,0.0,1.8,4.0,2.0,3.0,1.0,3.5,2.5,3.0,3.5,2.0,3.0,2.0,2.0,3.0,2.0,4.0,2.5,2.0,1.5,4.0,1.0,2.5,3.5,2.0,2.5,2.0
MLeague_stats2021-10-15,1位,0.0,0.0,1.0,0.0,1.0,0.0,3.0,0.0,0.0,0.0,1.0,0.0,0.0,1.0,0.0,0.0,0.0,0.0,1.0,0.0,1.0,0.0,1.0,0.0,1.0,0.0,1.0,1.0,0.0,1.0,0.0,0.0
MLeague_stats2021-10-15,2位,1.0,0.0,0.0,0.0,0.0,0.0,1.0,0.0,1.0,1.0,0.0,0.0,1.0,0.0,0.0,1.0,0.0,2.0,0.0,1.0,0.0,0.0,0.0,1.0,1.0,0.0,0.0,0.0,0.0,0.0,1.0,2.0
MLeague_stats2021-10-15,3位,1.0,1.0,1.0,1.0,0.0,0.0,0.0,0.0,0.0,0.0,0.0,1.0,1.0,0.0,1.0,0.0,2.0,0.0,1.0,0.0,1.0,0.0,0.0,0.0,0.0,0.0,0.0,0.0,1.0,1.0,1.0,0.0
MLeague_stats2021-10-15,4位,0.0,0.0,0.0,0.0,1.0,0.0,1.0,1.0,0.0,1.0,0.0,1.0,0.0,2.0,1.0,0.0,0.0,0.0,0.0,1.0,0.0,1.0,1.0,0.0,0.0,1.0,0.0,1.0,1.0,0.0,0.0,0.0
MLeague_stats2021-10-15,トップ率,0.0,0.0,0.5,0.0,0.5,0.0,0.6,0.0,0.0,0.0,1.0,0.0,0.0,0.33,0.0,0.0,0.0,0.0,0.5,0.0,0.5,0.0,0.5,0.0,0.5,0.0,1.0,0.5,0.0,0.5,0.0,0.0
MLeague_stats2021-10-15,連対率,0.5,0.0,0.5,0.0,0.5,0.0,0.8,0.0,1.0,0.5,1.0,0.0,0.5,0.33,0.0,1.0,0.0,1.0,0.5,0.5,0.5,0.0,0.5,1.0,1.0,0.0,1.0,0.5,0.0,0.5,0.5,1.0
MLeague_stats2021-10-15,ラス回避率,1.0,1.0,1.0,1.0,0.5,0.0,0.8,0.0,1.0,0.5,1.0,0.5,1.0,0.33,0.5,1.0,1.0,1.0,1.0,0.5,1.0,0.0,0.5,1.0,1.0,0.0,1.0,0.5,0.5,1.0,1.0,1.0
MLeague_stats2021-10-15,ベストスコア,26700.0,10600.0,40000.0,13400.0,53000.0,0.0,48400.0,2600.0,29600.0,24900.0,48200.0,14900.0,33400.0,56200.0,12400.0,26000.0,19800.0,43500.0,33100.0,35400.0,38100.0,8000.0,52300.0,35700.0,38600.0,15400.0,30400.0,47400.0,29000.0,44900.0,37500.0,28700.0
MLeague_stats2021-10-15,平均打点,2560.0,5200.0,6100.0,4650.0,7525.0,0.0,7441.66,7350.0,12000.0,4650.0,7666.66,4800.0,6500.0,6100.0,3775.0,8400.0,4600.0,7714.28,3200.0,5300.0,4628.57,2000.0,7960.0,7000.0,5462.5,0.0,4700.0,8633.33,9333.33,7500.0,5700.0,3287.5
MLeague_stats2021-10-15,副露率,0.42,0.2,0.19,0.2,0.14,0.0,0.11,0.0,0.27,0.21,0.3,0.09,0.04,0.11,0.1,0.38,0.08,0.1,0.21,0.18,0.14,0.1,0.12,0.0,0.25,0.2,0.18,0.35,0.21,0.25,0.37,0.28
MLeague_stats2021-10-15,リーチ率,0.1,0.5,0.14,0.2,0.21,0.0,0.29,0.15,0.0,0.21,0.15,0.09,0.2,0.26,0.27,0.23,0.3,0.17,0.15,0.31,0.33,0.1,0.37,0.5,0.25,0.1,0.27,0.15,0.17,0.22,0.16,0.23
MLeague_stats2021-10-15,アガリ率,0.26,0.1,0.23,0.2,0.14,0.0,0.22,0.15,0.09,0.21,0.23,0.09,0.16,0.17,0.13,0.23,0.08,0.25,0.21,0.18,0.33,0.1,0.2,0.3,0.33,0.0,0.27,0.15,0.13,0.19,0.2,0.38
MLeague_stats2021-10-15,放銃率,0.05,0.1,0.04,0.3,0.1,0.0,0.07,0.23,0.09,0.1,0.0,0.19,0.12,0.08,0.06,0.15,0.17,0.07,0.05,0.13,0.09,0.1,0.08,0.1,0.04,0.1,0.09,0.1,0.13,0.06,0.08,0.19
MLeague_stats2021-10-15,放銃平均打点,7700.0,3900.0,8000.0,3966.66,3233.33,0.0,3725.0,8400.0,2600.0,5300.0,0.0,5625.0,2600.0,3833.33,5000.0,7000.0,3175.0,4350.0,8000.0,6166.66,7950.0,5800.0,10950.0,2600.0,2000.0,2600.0,5800.0,6500.0,4200.0,3350.0,4350.0,3300.0
MLeague_stats2021-10-15,チーム,drivens,drivens,drivens,drivens,EX,EX,EX,EX,sakura,sakura,sakura,sakura,konami,konami,konami,konami,abemas,abemas,abemas,abemas,sega_summy,sega_summy,sega_summy,sega_summy,raiden,raiden,raiden,raiden,u-next,u-next,u-next,u-next
MLeague_stats2021-10-29,試合数,5.0,4.0,5.0,2.0,3.0,4.0,6.0,3.0,3.0,4.0,4.0,5.0,4.0,4.0,3.0,3.0,3.0,4.0,4.0,3.0,4.0,4.0,3.0,3.0,4.0,4.0,4.0,4.0,3.0,5.0,3.0,3.0
MLeague_stats2021-10-29,総局数,61.0,41.0,56.0,18.0,38.0,45.0,67.0,38.0,43.0,42.0,50.0,56.0,49.0,50.0,43.0,33.0,36.0,49.0,41.0,30.0,47.0,50.0,34.0,35.0,50.0,47.0,46.0,46.0,33.0,68.0,33.0,29.0
MLeague_stats2021-10-29,ポイント,-62.7,-247.0,-27.9,27.6,32.3,110.1,127.1,89.6,-53.4,-43.9,63.6,4.6,13.6,35.1,-15.2,44.3,6.1,-8.8,62.7,-59.0,-9.5,-58.1,20.5,66.6,4.9,-18.3,-70.7,-11.3,-107.1,79.7,-26.0,30.5
MLeague_stats2021-10-29,平着,2.8,3.75,2.6,2.0,2.33,1.75,2.0,2.0,3.0,2.75,2.25,2.5,2.25,2.5,2.66,2.0,2.33,2.5,2.0,3.0,2.5,2.75,2.33,2.33,2.5,2.75,3.0,2.62,3.66,2.0,2.66,2.0
MLeague_stats2021-10-29,1位,0.0,0.0,2.0,1.0,1.0,2.0,3.0,2.0,0.0,0.0,2.0,1.0,1.0,2.0,1.0,1.0,1.0,0.0,1.0,0.0,1.0,0.0,1.0,1.0,1.0,1.0,1.0,1.0,0.0,1.0,0.0,0.0
MLeague_stats2021-10-29,2位,2.0,0.0,0.0,0.0,1.0,1.0,1.0,0.0,1.0,2.0,0.0,1.0,1.0,0.0,0.0,1.0,0.0,2.0,2.0,1.0,1.0,2.0,1.0,1.0,1.0,1.0,0.0,1.0,0.0,3.0,1.0,3.0
MLeague_stats2021-10-29,3位,2.0,1.0,1.0,1.0,0.0,1.0,1.0,0.0,1.0,1.0,1.0,2.0,2.0,0.0,1.0,1.0,2.0,2.0,1.0,1.0,1.0,1.0,0.0,0.0,1.0,0.0,1.0,0.0,1.0,1.0,2.0,0.0
MLeague_stats2021-10-29,4位,1.0,3.0,2.0,0.0,1.0,0.0,1.0,1.0,1.0,1.0,1.0,1.0,0.0,2.0,1.0,0.0,0.0,0.0,0.0,1.0,1.0,1.0,1.0,1.0,1.0,2.0,2.0,2.0,2.0,0.0,0.0,0.0
MLeague_stats2021-10-29,トップ率,0.0,0.0,0.4,0.5,0.33,0.5,0.5,0.66,0.0,0.0,0.5,0.2,0.25,0.5,0.33,0.33,0.33,0.0,0.25,0.0,0.25,0.0,0.33,0.33,0.25,0.25,0.25,0.25,0.0,0.2,0.0,0.0
MLeague_stats2021-10-29,連対率,0.4,0.0,0.4,0.5,0.66,0.75,0.66,0.66,0.33,0.5,0.5,0.4,0.5,0.5,0.33,0.66,0.33,0.5,0.75,0.33,0.5,0.5,0.66,0.66,0.5,0.5,0.25,0.5,0.0,0.8,0.33,1.0
MLeague_stats2021-10-29,ラス回避率,0.8,0.25,0.6,1.0,0.66,1.0,0.83,0.66,0.66,0.75,0.75,0.8,1.0,0.5,0.66,1.0,1.0,1.0,1.0,0.66,0.75,0.75,0.66,0.66,0.75,0.5,0.5,0.5,0.33,1.0,1.0,1.0
MLeague_stats2021-10-29,ベストスコア,36300.0,10600.0,40000.0,34200.0,53000.0,48400.0,48400.0,66700.0,29600.0,33500.0,48200.0,43900.0,35300.0,56200.0,45500.0,40700.0,33900.0,43500.0,45400.0,35400.0,38100.0,38400.0,52300.0,77200.0,38600.0,41900.0,30400.0,47400.0,29000.0,44900.0,37500.0,33300.0
MLeague_stats2021-10-29,平均打点,3654.54,8600.0,6060.0,5625.0,6355.55,5845.45,7086.66,8560.0,8580.0,5910.0,6690.9,6966.66,6750.0,6900.0,5688.88,7371.42,5800.0,6290.0,6963.63,4640.0,5100.0,6983.33,6800.0,7254.54,6318.18,7957.14,5720.0,8737.5,9000.0,6069.23,4966.66,3390.9
MLeague_stats2021-10-29,副露率,0.36,0.21,0.16,0.33,0.21,0.31,0.1,0.1,0.18,0.21,0.22,0.26,0.04,0.16,0.16,0.27,0.11,0.16,0.24,0.16,0.23,0.16,0.11,0.17,0.2,0.12,0.1,0.23,0.18,0.27,0.33,0.27
MLeague_stats2021-10-29,リーチ率,0.18,0.31,0.21,0.22,0.15,0.17,0.28,0.26,0.18,0.28,0.16,0.12,0.22,0.24,0.23,0.27,0.25,0.12,0.17,0.3,0.14,0.16,0.35,0.28,0.2,0.27,0.21,0.13,0.21,0.23,0.12,0.31
MLeague_stats2021-10-29,アガリ率,0.18,0.04,0.17,0.22,0.23,0.24,0.22,0.26,0.11,0.23,0.22,0.21,0.2,0.16,0.2,0.21,0.11,0.2,0.26,0.16,0.19,0.12,0.2,0.31,0.22,0.14,0.21,0.17,0.12,0.19,0.18,0.37
MLeague_stats2021-10-29,放銃率,0.06,0.29,0.14,0.22,0.13,0.04,0.1,0.1,0.09,0.11,0.08,0.14,0.12,0.06,0.09,0.15,0.11,0.08,0.09,0.13,0.12,0.1,0.05,0.08,0.12,0.14,0.13,0.13,0.18,0.04,0.09,0.13
MLeague_stats2021-10-29,放銃平均打点,7200.0,7708.33,6812.5,3475.0,4600.0,1950.0,3571.42,6950.0,3750.0,6520.0,4750.0,6125.0,3766.66,3833.33,6000.0,5960.0,3175.0,4025.0,6300.0,4875.0,6600.0,4140.0,10950.0,3333.33,5183.33,5485.71,6916.66,8366.66,4966.66,4900.0,4200.0,3300.0
MLeague_stats2021-10-29,チーム,drivens,drivens,drivens,drivens,EX,EX,EX,EX,sakura,sakura,sakura,sakura,konami,konami,konami,konami,abemas,abemas,abemas,abemas,sega_summy,sega_summy,sega_summy,sega_summy,raiden,raiden,raiden,raiden,u-next,u-next,u-next,u-next
MLeague_stats2021-12-12,試合数,12.0,11.0,11.0,6.0,9.0,11.0,10.0,10.0,9.0,9.0,10.0,12.0,10.0,10.0,10.0,10.0,9.0,11.0,11.0,9.0,11.0,11.0,11.0,7.0,9.0,10.0,10.0,11.0,9.0,13.0,8.0,10.0
MLeague_stats2021-12-12,総局数,134.0,120.0,128.0,62.0,118.0,144.0,114.0,121.0,114.0,101.0,128.0,137.0,116.0,125.0,120.0,130.0,98.0,133.0,129.0,104.0,129.0,137.0,144.0,84.0,112.0,113.0,129.0,133.0,105.0,173.0,88.0,109.0
MLeague_stats2021-12-12,ポイント,-75.0,-325.0,120.3,-0.2,104.8,232.5,151.7,-52.8,-64.5,-186.0,174.8,159.6,188.4,1.5,-96.8,233.0,10.6,123.3,126.0,-258.7,-12.2,-5.1,4.4,-53.7,-142.0,-124.4,-70.6,-199.4,-107.5,130.1,-49.9,62.8
MLeague_stats2021-12-12,平着,2.66,3.09,2.18,2.5,2.11,1.9,2.2,2.54,2.77,2.94,2.1,2.12,2.0,2.7,2.75,2.1,2.44,2.18,2.18,3.22,2.54,2.54,2.36,2.85,2.88,2.9,2.7,2.95,2.83,2.3,2.62,2.2
MLeague_stats2021-12-12,1位,2.0,2.0,4.0,2.0,1.0,6.0,4.0,2.0,2.0,0.0,5.0,3.0,4.0,4.0,3.0,4.0,2.0,3.0,3.0,0.0,3.0,2.0,2.0,1.0,1.0,2.0,3.0,1.0,1.0,4.0,1.0,2.0
MLeague_stats2021-12-12,2位,3.0,1.0,3.0,1.0,7.0,1.0,2.0,3.0,1.0,3.0,1.0,5.0,3.0,0.0,0.0,2.0,2.0,3.0,5.0,1.0,1.0,4.0,5.0,2.0,2.0,2.0,1.0,2.0,1.0,4.0,2.0,6.0
MLeague_stats2021-12-12,3位,4.0,2.0,2.0,1.0,0.0,3.0,2.0,2.0,3.0,3.0,2.0,3.0,2.0,1.0,3.0,3.0,4.0,5.0,1.0,5.0,5.0,2.0,2.0,1.0,3.0,1.0,2.0,4.0,5.0,2.0,4.0,0.0
MLeague_stats2021-12-12,4位,3.0,6.0,2.0,2.0,1.0,1.0,2.0,3.0,3.0,3.0,2.0,1.0,1.0,5.0,4.0,1.0,1.0,0.0,2.0,3.0,2.0,3.0,2.0,3.0,3.0,5.0,4.0,4.0,2.0,3.0,1.0,2.0
MLeague_stats2021-12-12,トップ率,0.16,0.18,0.36,0.33,0.11,0.54,0.4,0.2,0.22,0.0,0.5,0.25,0.4,0.4,0.3,0.4,0.22,0.27,0.27,0.0,0.27,0.18,0.18,0.14,0.11,0.2,0.3,0.09,0.11,0.3,0.12,0.2
MLeague_stats2021-12-12,連対率,0.41,0.27,0.63,0.5,0.88,0.63,0.6,0.5,0.33,0.33,0.6,0.66,0.7,0.4,0.3,0.6,0.44,0.54,0.72,0.11,0.36,0.54,0.63,0.42,0.33,0.4,0.4,0.27,0.22,0.61,0.37,0.8
MLeague_stats2021-12-12,ラス回避率,0.75,0.45,0.81,0.66,0.88,0.9,0.8,0.7,0.66,0.66,0.8,0.91,0.9,0.5,0.6,0.9,0.88,1.0,0.81,0.66,0.81,0.72,0.81,0.57,0.66,0.5,0.6,0.63,0.77,0.76,0.87,0.8
MLeague_stats2021-12-12,ベストスコア,44600.0,45200.0,47900.0,35600.0,53000.0,50500.0,60100.0,66700.0,44300.0,33500.0,48200.0,61800.0,62600.0,60200.0,52100.0,105500.0,51900.0,49700.0,47000.0,35400.0,44800.0,57200.0,62100.0,77200.0,38600.0,48400.0,53500.0,47400.0,40800.0,102400.0,58600.0,43300.0
MLeague_stats2021-12-12,平均打点,5469.23,6240.0,7025.0,5585.71,7118.51,7242.42,7400.0,6970.83,8156.25,5822.72,6322.22,6590.32,7050.0,7025.0,6021.73,8212.9,5550.0,7092.3,7336.66,5600.0,7053.84,7982.6,8111.53,6280.0,6515.0,6821.05,6856.0,6672.22,5818.18,6352.38,6231.57,5151.85
MLeague_stats2021-12-12,副露率,0.34,0.15,0.21,0.27,0.15,0.3,0.15,0.18,0.14,0.2,0.15,0.21,0.15,0.15,0.2,0.25,0.19,0.21,0.19,0.17,0.22,0.15,0.21,0.17,0.11,0.12,0.07,0.21,0.27,0.25,0.29,0.15
MLeague_stats2021-12-12,リーチ率,0.23,0.25,0.17,0.22,0.22,0.18,0.23,0.19,0.23,0.26,0.2,0.17,0.17,0.2,0.18,0.24,0.25,0.18,0.17,0.25,0.18,0.18,0.29,0.21,0.28,0.26,0.24,0.16,0.21,0.26,0.17,0.31
MLeague_stats2021-12-12,アガリ率,0.19,0.12,0.21,0.22,0.22,0.22,0.22,0.19,0.14,0.21,0.21,0.22,0.24,0.16,0.19,0.23,0.2,0.19,0.23,0.13,0.2,0.16,0.18,0.23,0.17,0.16,0.19,0.13,0.2,0.24,0.21,0.24
MLeague_stats2021-12-12,放銃率,0.08,0.18,0.11,0.12,0.09,0.11,0.12,0.13,0.1,0.15,0.06,0.08,0.1,0.07,0.09,0.11,0.09,0.09,0.05,0.09,0.11,0.1,0.14,0.09,0.12,0.15,0.1,0.12,0.11,0.09,0.09,0.08
MLeague_stats2021-12-12,放銃平均打点,7127.27,7095.45,5253.33,5125.0,5363.63,5376.47,4042.85,6393.75,3916.66,6800.0,5575.0,5609.09,4650.0,3888.88,7690.9,4973.33,4733.33,4392.3,5742.85,4650.0,6480.0,4986.66,5857.14,4150.0,5335.71,4970.58,6871.42,5482.35,5625.0,7356.25,6150.0,3377.77
MLeague_stats2021-12-12,チーム,drivens,drivens,drivens,drivens,EX,EX,EX,EX,sakura,sakura,sakura,sakura,konami,konami,konami,konami,abemas,abemas,abemas,abemas,sega_summy,sega_summy,sega_summy,sega_summy,raiden,raiden,raiden,raiden,u-next,u-next,u-next,u-next
MLeague_stats2021-10-16,試合数,3.0,2.0,2.0,1.0,2.0,0.0,5.0,1.0,2.0,2.0,2.0,2.0,2.0,3.0,2.0,1.0,2.0,2.0,2.0,2.0,2.0,3.0,2.0,1.0,2.0,2.0,2.0,2.0,2.0,2.0,2.0,2.0
MLeague_stats2021-10-16,総局数,35.0,20.0,21.0,10.0,28.0,0.0,54.0,13.0,27.0,19.0,23.0,21.0,24.0,34.0,29.0,13.0,23.0,28.0,19.0,22.0,21.0,36.0,24.0,10.0,24.0,26.0,21.0,20.0,23.0,31.0,24.0,21.0
MLeague_stats2021-10-16,ポイント,6.5,-91.3,36.3,-26.6,12.2,0.0,147.4,-57.4,-41.7,-37.7,130.8,-80.2,-16.1,-17.2,-80.7,6.0,-47.8,37.5,22.3,-39.3,42.0,-60.5,11.3,15.7,70.5,17.3,31.3,6.3,-60.6,48.1,-1.6,17.2
MLeague_stats2021-10-16,平着,2.33,3.5,2.0,3.0,2.5,0.0,1.8,4.0,3.0,3.0,1.0,3.5,2.5,3.0,3.5,2.0,3.0,2.0,2.0,3.0,2.0,3.0,2.5,2.0,1.5,2.5,2.0,2.5,3.5,2.0,2.5,2.0
MLeague_stats2021-10-16,1位,0.0,0.0,1.0,0.0,1.0,0.0,3.0,0.0,0.0,0.0,2.0,0.0,0.0,1.0,0.0,0.0,0.0,0.0,1.0,0.0,1.0,0.0,1.0,0.0,1.0,1.0,1.0,1.0,0.0,1.0,0.0,0.0
MLeague_stats2021-10-16,2位,2.0,0.0,0.0,0.0,0.0,0.0,1.0,0.0,1.0,1.0,0.0,0.0,1.0,0.0,0.0,1.0,0.0,2.0,0.0,1.0,0.0,1.0,0.0,1.0,1.0,0.0,0.0,0.0,0.0,0.0,1.0,2.0
MLeague_stats2021-10-16,3位,1.0,1.0,1.0,1.0,0.0,0.0,0.0,0.0,0.0,0.0,0.0,1.0,1.0,0.0,1.0,0.0,2.0,0.0,1.0,0.0,1.0,1.0,0.0,0.0,0.0,0.0,1.0,0.0,1.0,1.0,1.0,0.0
MLeague_stats2021-10-16,4位,0.0,1.0,0.0,0.0,1.0,0.0,1.0,1.0,1.0,1.0,0.0,1.0,0.0,2.0,1.0,0.0,0.0,0.0,0.0,1.0,0.0,1.0,1.0,0.0,0.0,1.0,0.0,1.0,1.0,0.0,0.0,0.0
MLeague_stats2021-10-16,トップ率,0.0,0.0,0.5,0.0,0.5,0.0,0.6,0.0,0.0,0.0,1.0,0.0,0.0,0.33,0.0,0.0,0.0,0.0,0.5,0.0,0.5,0.0,0.5,0.0,0.5,0.5,0.5,0.5,0.0,0.5,0.0,0.0
MLeague_stats2021-10-16,連対率,0.66,0.0,0.5,0.0,0.5,0.0,0.8,0.0,0.5,0.5,1.0,0.0,0.5,0.33,0.0,1.0,0.0,1.0,0.5,0.5,0.5,0.33,0.5,1.0,1.0,0.5,0.5,0.5,0.0,0.5,0.5,1.0
MLeague_stats2021-10-16,ラス回避率,1.0,0.5,1.0,1.0,0.5,0.0,0.8,0.0,0.5,0.5,1.0,0.5,1.0,0.33,0.5,1.0,1.0,1.0,1.0,0.5,1.0,0.66,0.5,1.0,1.0,0.5,1.0,0.5,0.5,1.0,1.0,1.0
MLeague_stats2021-10-16,ベストスコア,36300.0,10600.0,40000.0,13400.0,53000.0,0.0,48400.0,2600.0,29600.0,24900.0,48200.0,14900.0,33400.0,56200.0,12400.0,26000.0,19800.0,43500.0,33100.0,35400.0,38100.0,38400.0,52300.0,35700.0,38600.0,41900.0,30400.0,47400.0,29000.0,44900.0,37500.0,28700.0
MLeague_stats2021-10-16,平均打点,3820.0,8600.0,6100.0,4650.0,7525.0,0.0,7441.66,7350.0,12000.0,4650.0,7050.0,4800.0,6500.0,6100.0,3775.0,8400.0,4600.0,7714.28,3200.0,5300.0,4628.57,5980.0,7960.0,7000.0,5462.5,10666.66,5333.33,8633.33,9333.33,7500.0,5700.0,3287.5
MLeague_stats2021-10-16,副露率,0.4,0.15,0.19,0.2,0.14,0.0,0.11,0.0,0.14,0.21,0.26,0.09,0.04,0.11,0.1,0.38,0.08,0.1,0.21,0.18,0.14,0.19,0.12,0.0,0.25,0.11,0.14,0.35,0.21,0.25,0.37,0.28
MLeague_stats2021-10-16,リーチ率,0.17,0.4,0.14,0.2,0.21,0.0,0.29,0.15,0.11,0.21,0.13,0.09,0.2,0.26,0.27,0.23,0.3,0.17,0.15,0.31,0.33,0.16,0.37,0.5,0.25,0.23,0.23,0.15,0.17,0.22,0.16,0.23
MLeague_stats2021-10-16,アガリ率,0.28,0.1,0.23,0.2,0.14,0.0,0.22,0.15,0.03,0.21,0.26,0.09,0.16,0.17,0.13,0.23,0.08,0.25,0.21,0.18,0.33,0.13,0.2,0.3,0.33,0.11,0.28,0.15,0.13,0.19,0.2,0.38
MLeague_stats2021-10-16,放銃率,0.08,0.25,0.04,0.3,0.1,0.0,0.07,0.23,0.07,0.1,0.0,0.19,0.12,0.08,0.06,0.15,0.17,0.07,0.05,0.13,0.09,0.11,0.08,0.1,0.04,0.15,0.09,0.1,0.13,0.06,0.08,0.19
MLeague_stats2021-10-16,放銃平均打点,7866.66,5840.0,8000.0,3966.66,3233.33,0.0,3725.0,8400.0,2750.0,5300.0,0.0,5625.0,2600.0,3833.33,5000.0,7000.0,3175.0,4350.0,8000.0,6166.66,7950.0,4925.0,10950.0,2600.0,2000.0,4275.0,8900.0,6500.0,4200.0,3350.0,4350.0,3300.0
MLeague_stats2021-10-16,チーム,drivens,drivens,drivens,drivens,EX,EX,EX,EX,sakura,sakura,sakura,sakura,konami,konami,konami,konami,abemas,abemas,abemas,abemas,sega_summy,sega_summy,sega_summy,sega_summy,raiden,raiden,raiden,raiden,u-next,u-next,u-next,u-next
MLeague_stats2021-11-24,試合数,9.0,8.0,8.0,5.0,7.0,8.0,8.0,7.0,7.0,6.0,7.0,10.0,8.0,9.0,6.0,7.0,7.0,8.0,7.0,8.0,9.0,8.0,7.0,6.0,8.0,8.0,6.0,8.0,7.0,10.0,6.0,7.0
MLeague_stats2021-11-24,総局数,101.0,86.0,94.0,53.0,87.0,106.0,91.0,85.0,89.0,62.0,86.0,115.0,94.0,111.0,72.0,95.0,76.0,95.0,76.0,88.0,107.0,94.0,88.0,69.0,103.0,89.0,79.0,97.0,84.0,134.0,66.0,72.0
MLeague_stats2021-11-24,ポイント,54.4,-305.2,61.2,47.3,75.4,224.7,188.5,43.8,-28.9,-123.1,187.6,176.4,163.9,-78.7,33.4,217.9,19.3,70.0,57.7,-189.0,-61.0,-64.1,-50.9,-53.3,-153.3,-59.7,-101.3,-105.2,-88.9,-105.8,-102.0,48.9
MLeague_stats2021-11-24,平着,2.33,3.25,2.25,2.2,2.14,1.75,2.0,2.28,2.71,2.91,1.85,2.04,2.0,2.88,2.41,2.0,2.42,2.25,2.28,3.12,2.66,2.75,2.57,3.0,3.0,2.75,2.83,2.81,2.85,2.7,2.83,2.14
MLeague_stats2021-11-24,1位,2.0,1.0,3.0,2.0,1.0,5.0,4.0,2.0,2.0,0.0,4.0,3.0,4.0,3.0,2.0,3.0,2.0,2.0,1.0,0.0,2.0,1.0,1.0,1.0,1.0,2.0,1.0,1.0,1.0,1.0,0.0,1.0
MLeague_stats2021-11-24,2位,3.0,1.0,2.0,1.0,5.0,1.0,1.0,3.0,1.0,2.0,1.0,4.0,1.0,0.0,0.0,1.0,1.0,2.0,4.0,1.0,1.0,3.0,3.0,1.0,1.0,2.0,1.0,1.0,1.0,4.0,2.0,5.0
MLeague_stats2021-11-24,3位,3.0,1.0,1.0,1.0,0.0,1.0,2.0,0.0,1.0,2.0,1.0,2.0,2.0,1.0,3.0,3.0,3.0,4.0,1.0,5.0,4.0,1.0,1.0,1.0,3.0,0.0,2.0,4.0,3.0,2.0,3.0,0.0
MLeague_stats2021-11-24,4位,1.0,5.0,2.0,1.0,1.0,1.0,1.0,2.0,3.0,2.0,1.0,1.0,1.0,5.0,1.0,0.0,1.0,0.0,1.0,2.0,2.0,3.0,2.0,3.0,3.0,4.0,2.0,2.0,2.0,3.0,1.0,1.0
MLeague_stats2021-11-24,トップ率,0.22,0.12,0.37,0.4,0.14,0.62,0.5,0.28,0.28,0.0,0.57,0.3,0.5,0.33,0.33,0.42,0.28,0.25,0.14,0.0,0.22,0.12,0.14,0.16,0.12,0.25,0.16,0.12,0.14,0.1,0.0,0.14
MLeague_stats2021-11-24,連対率,0.55,0.25,0.62,0.6,0.85,0.75,0.62,0.71,0.42,0.33,0.71,0.7,0.62,0.33,0.33,0.57,0.42,0.5,0.71,0.12,0.33,0.5,0.57,0.33,0.25,0.5,0.33,0.25,0.28,0.5,0.33,0.85
MLeague_stats2021-11-24,ラス回避率,0.88,0.37,0.75,0.8,0.85,0.87,0.87,0.71,0.57,0.66,0.85,0.9,0.87,0.44,0.83,1.0,0.85,1.0,0.85,0.75,0.77,0.62,0.71,0.5,0.62,0.5,0.66,0.75,0.71,0.7,0.83,0.85
MLeague_stats2021-11-24,ベストスコア,44600.0,45200.0,47900.0,35600.0,53000.0,50500.0,60100.0,66700.0,44300.0,33500.0,48200.0,61800.0,62600.0,56200.0,52100.0,105500.0,51900.0,43500.0,45400.0,35400.0,44800.0,57200.0,52300.0,77200.0,38600.0,48400.0,30400.0,47400.0,40800.0,44900.0,37500.0,33300.0
MLeague_stats2021-11-24,平均打点,5317.39,5900.0,7276.47,5183.33,7073.68,6676.92,7352.38,6890.47,8316.66,6776.92,6668.42,6493.1,7062.5,5493.75,5966.66,8650.0,5164.28,7163.15,6965.0,5600.0,6920.0,7757.14,7957.14,6329.41,6435.29,6828.57,5852.94,7253.33,6431.25,5257.69,6053.84,4235.0
MLeague_stats2021-11-24,副露率,0.34,0.19,0.18,0.3,0.16,0.33,0.13,0.2,0.15,0.19,0.22,0.22,0.14,0.13,0.22,0.26,0.18,0.21,0.22,0.15,0.21,0.14,0.17,0.17,0.11,0.11,0.08,0.2,0.21,0.23,0.31,0.19
MLeague_stats2021-11-24,リーチ率,0.21,0.19,0.18,0.18,0.18,0.16,0.24,0.22,0.21,0.25,0.17,0.17,0.2,0.21,0.2,0.24,0.23,0.2,0.19,0.26,0.16,0.17,0.29,0.23,0.27,0.26,0.2,0.17,0.22,0.26,0.15,0.3
MLeague_stats2021-11-24,アガリ率,0.22,0.1,0.18,0.22,0.21,0.24,0.23,0.24,0.13,0.2,0.22,0.25,0.25,0.14,0.25,0.25,0.18,0.2,0.26,0.15,0.18,0.14,0.15,0.24,0.16,0.15,0.21,0.15,0.19,0.19,0.19,0.27
MLeague_stats2021-11-24,放銃率,0.06,0.22,0.1,0.11,0.09,0.1,0.1,0.14,0.12,0.16,0.05,0.08,0.11,0.07,0.08,0.12,0.11,0.11,0.06,0.1,0.12,0.11,0.14,0.1,0.13,0.15,0.13,0.12,0.11,0.1,0.1,0.09
MLeague_stats2021-11-24,放銃平均打点,6828.57,6957.89,5970.0,3516.66,5062.5,5327.27,3540.0,6941.66,3800.0,7990.0,5340.0,5850.0,4345.45,4050.0,5766.66,5141.66,4733.33,4327.27,5440.0,4588.88,6615.38,5518.18,6238.46,4600.0,5335.71,5200.0,6572.72,6416.66,6160.0,7742.85,6471.42,3771.42
MLeague_stats2021-11-24,チーム,drivens,drivens,drivens,drivens,EX,EX,EX,EX,sakura,sakura,sakura,sakura,konami,konami,konami,konami,abemas,abemas,abemas,abemas,sega_summy,sega_summy,sega_summy,sega_summy,raiden,raiden,raiden,raiden,u-next,u-next,u-next,u-next
MLeague_stats2021-11-27,試合数,10.0,8.0,9.0,5.0,8.0,9.0,8.0,7.0,7.0,7.0,8.0,10.0,8.0,9.0,7.0,8.0,7.0,8.0,9.0,8.0,9.0,9.0,8.0,6.0,8.0,8.0,7.0,9.0,7.0,11.0,6.0,8.0
MLeague_stats2021-11-27,総局数,112.0,86.0,106.0,53.0,104.0,122.0,91.0,85.0,89.0,79.0,102.0,115.0,94.0,111.0,84.0,106.0,76.0,95.0,109.0,88.0,107.0,110.0,105.0,69.0,103.0,89.0,90.0,109.0,84.0,146.0,66.0,83.0
MLeague_stats2021-11-27,ポイント,38.3,-305.2,35.4,47.3,89.3,280.7,188.5,43.8,-28.9,-153.1,126.6,176.4,163.9,-78.7,-12.9,277.5,19.3,70.0,5.6,-189.0,-61.0,-73.0,31.2,-53.3,-153.3,-59.7,-155.0,-96.0,-88.9,-42.9,-102.0,59.1
MLeague_stats2021-11-27,平着,2.4,3.25,2.33,2.2,2.12,1.66,2.0,2.28,2.71,2.92,2.12,2.04,2.0,2.88,2.64,1.87,2.42,2.25,2.44,3.12,2.66,2.77,2.37,3.0,3.0,2.75,3.0,2.72,2.85,2.54,2.83,2.12
MLeague_stats2021-11-27,1位,2.0,1.0,3.0,2.0,1.0,6.0,4.0,2.0,2.0,0.0,4.0,3.0,4.0,3.0,2.0,4.0,2.0,2.0,1.0,0.0,2.0,1.0,2.0,1.0,1.0,2.0,1.0,1.0,1.0,2.0,0.0,1.0
MLeague_stats2021-11-27,2位,3.0,1.0,2.0,1.0,6.0,1.0,1.0,3.0,1.0,2.0,1.0,4.0,1.0,0.0,0.0,1.0,1.0,2.0,5.0,1.0,1.0,3.0,3.0,1.0,1.0,2.0,1.0,2.0,1.0,4.0,2.0,6.0
MLeague_stats2021-11-27,3位,4.0,1.0,2.0,1.0,0.0,1.0,2.0,0.0,1.0,3.0,1.0,2.0,2.0,1.0,3.0,3.0,3.0,4.0,1.0,5.0,4.0,2.0,1.0,1.0,3.0,0.0,2.0,4.0,3.0,2.0,3.0,0.0
MLeague_stats2021-11-27,4位,1.0,5.0,2.0,1.0,1.0,1.0,1.0,2.0,3.0,2.0,2.0,1.0,1.0,5.0,2.0,0.0,1.0,0.0,2.0,2.0,2.0,3.0,2.0,3.0,3.0,4.0,3.0,2.0,2.0,3.0,1.0,1.0
MLeague_stats2021-11-27,トップ率,0.2,0.12,0.33,0.4,0.12,0.66,0.5,0.28,0.28,0.0,0.5,0.3,0.5,0.33,0.28,0.5,0.28,0.25,0.11,0.0,0.22,0.11,0.25,0.16,0.12,0.25,0.14,0.11,0.14,0.18,0.0,0.12
MLeague_stats2021-11-27,連対率,0.5,0.25,0.55,0.6,0.87,0.77,0.62,0.71,0.42,0.28,0.62,0.7,0.62,0.33,0.28,0.62,0.42,0.5,0.66,0.12,0.33,0.44,0.62,0.33,0.25,0.5,0.28,0.33,0.28,0.54,0.33,0.87
MLeague_stats2021-11-27,ラス回避率,0.9,0.37,0.77,0.8,0.87,0.88,0.87,0.71,0.57,0.71,0.75,0.9,0.87,0.44,0.71,1.0,0.85,1.0,0.77,0.75,0.77,0.66,0.75,0.5,0.62,0.5,0.57,0.77,0.71,0.72,0.83,0.87
MLeague_stats2021-11-27,ベストスコア,44600.0,45200.0,47900.0,35600.0,53000.0,50500.0,60100.0,66700.0,44300.0,33500.0,48200.0,61800.0,62600.0,56200.0,52100.0,105500.0,51900.0,43500.0,45400.0,35400.0,44800.0,57200.0,62100.0,77200.0,38600.0,48400.0,30400.0,47400.0,40800.0,44900.0,37500.0,33300.0
MLeague_stats2021-11-27,平均打点,5368.0,5900.0,7538.88,5183.33,6845.83,7072.41,7352.38,6890.47,8316.66,6550.0,6485.0,6493.1,7062.5,5493.75,5966.66,8307.14,5164.28,7163.15,6926.92,5600.0,6920.0,7811.11,9188.88,6329.41,6435.29,6828.57,5852.94,6947.05,6431.25,5103.22,6053.84,4390.9
MLeague_stats2021-11-27,副露率,0.34,0.19,0.17,0.3,0.15,0.31,0.13,0.2,0.15,0.17,0.18,0.22,0.14,0.13,0.22,0.26,0.18,0.21,0.2,0.15,0.21,0.14,0.17,0.17,0.11,0.11,0.08,0.22,0.21,0.24,0.31,0.18
MLeague_stats2021-11-27,リーチ率,0.23,0.19,0.18,0.18,0.23,0.18,0.24,0.22,0.21,0.25,0.17,0.17,0.2,0.21,0.17,0.25,0.23,0.2,0.17,0.26,0.16,0.17,0.29,0.23,0.27,0.26,0.21,0.17,0.22,0.26,0.15,0.3
MLeague_stats2021-11-27,アガリ率,0.22,0.1,0.16,0.22,0.23,0.23,0.23,0.24,0.13,0.2,0.19,0.25,0.25,0.14,0.21,0.26,0.18,0.2,0.23,0.15,0.18,0.16,0.17,0.24,0.16,0.15,0.18,0.15,0.19,0.21,0.19,0.26
MLeague_stats2021-11-27,放銃率,0.07,0.22,0.12,0.11,0.08,0.1,0.1,0.14,0.12,0.15,0.04,0.08,0.11,0.07,0.07,0.13,0.11,0.11,0.05,0.1,0.12,0.11,0.14,0.1,0.13,0.15,0.14,0.11,0.11,0.1,0.1,0.08
MLeague_stats2021-11-27,放銃平均打点,6975.0,6957.89,5507.69,3516.66,5833.33,5200.0,3540.0,6941.66,3800.0,7825.0,5340.0,5850.0,4345.45,4050.0,5766.66,5257.14,4733.33,4327.27,6533.33,4588.88,6615.38,5400.0,5926.66,4600.0,5335.71,5200.0,6476.92,6123.07,6160.0,7313.33,6471.42,3771.42
MLeague_stats2021-11-27,チーム,drivens,drivens,drivens,drivens,EX,EX,EX,EX,sakura,sakura,sakura,sakura,konami,konami,konami,konami,abemas,abemas,abemas,abemas,sega_summy,sega_summy,sega_summy,sega_summy,raiden,raiden,raiden,raiden,u-next,u-next,u-next,u-next
MLeague_stats2021-11-22,試合数,8.0,8.0,8.0,4.0,6.0,8.0,8.0,6.0,7.0,6.0,7.0,8.0,7.0,8.0,6.0,7.0,7.0,7.0,7.0,7.0,9.0,8.0,6.0,5.0,8.0,7.0,6.0,7.0,7.0,9.0,6.0,6.0
MLeague_stats2021-11-22,総局数,89.0,86.0,94.0,40.0,74.0,106.0,91.0,73.0,89.0,62.0,86.0,88.0,81.0,99.0,72.0,95.0,76.0,83.0,76.0,75.0,107.0,94.0,75.0,55.0,103.0,75.0,79.0,84.0,84.0,121.0,66.0,58.0
MLeague_stats2021-11-22,ポイント,71.2,-305.2,61.2,97.0,67.4,224.7,188.5,32.6,-28.9,-123.1,187.6,36.8,97.2,-25.6,33.4,217.9,19.3,11.3,57.7,-164.0,-61.0,-64.1,-64.3,-30.9,-153.3,2.7,-101.3,-85.2,-88.9,-54.6,-102.0,45.9
MLeague_stats2021-11-22,平着,2.25,3.25,2.25,1.75,2.16,1.75,2.0,2.33,2.71,2.91,1.85,2.31,2.14,2.75,2.41,2.0,2.42,2.42,2.28,3.14,2.66,2.75,2.66,3.0,3.0,2.57,2.83,2.78,2.85,2.55,2.83,2.16
MLeague_stats2021-11-22,1位,2.0,1.0,3.0,2.0,1.0,5.0,4.0,2.0,2.0,0.0,4.0,1.0,3.0,3.0,2.0,3.0,2.0,1.0,1.0,0.0,2.0,1.0,1.0,1.0,1.0,2.0,1.0,1.0,1.0,1.0,0.0,1.0
MLeague_stats2021-11-22,2位,3.0,1.0,2.0,1.0,4.0,1.0,1.0,2.0,1.0,2.0,1.0,4.0,1.0,0.0,0.0,1.0,1.0,2.0,4.0,1.0,1.0,3.0,2.0,1.0,1.0,2.0,1.0,1.0,1.0,4.0,2.0,4.0
MLeague_stats2021-11-22,3位,2.0,1.0,1.0,1.0,0.0,1.0,2.0,0.0,1.0,2.0,1.0,2.0,2.0,1.0,3.0,3.0,3.0,4.0,1.0,4.0,4.0,1.0,1.0,0.0,3.0,0.0,2.0,3.0,3.0,2.0,3.0,0.0
MLeague_stats2021-11-22,4位,1.0,5.0,2.0,0.0,1.0,1.0,1.0,2.0,3.0,2.0,1.0,1.0,1.0,4.0,1.0,0.0,1.0,0.0,1.0,2.0,2.0,3.0,2.0,3.0,3.0,3.0,2.0,2.0,2.0,2.0,1.0,1.0
MLeague_stats2021-11-22,トップ率,0.25,0.12,0.37,0.5,0.16,0.62,0.5,0.33,0.28,0.0,0.57,0.12,0.42,0.37,0.33,0.42,0.28,0.14,0.14,0.0,0.22,0.12,0.16,0.2,0.12,0.28,0.16,0.14,0.14,0.11,0.0,0.16
MLeague_stats2021-11-22,連対率,0.62,0.25,0.62,0.75,0.83,0.75,0.62,0.66,0.42,0.33,0.71,0.62,0.57,0.37,0.33,0.57,0.42,0.42,0.71,0.14,0.33,0.5,0.5,0.4,0.25,0.57,0.33,0.28,0.28,0.55,0.33,0.83
MLeague_stats2021-11-22,ラス回避率,0.87,0.37,0.75,1.0,0.83,0.87,0.87,0.66,0.57,0.66,0.85,0.87,0.85,0.5,0.83,1.0,0.85,1.0,0.85,0.71,0.77,0.62,0.66,0.4,0.62,0.57,0.66,0.71,0.71,0.77,0.83,0.83
MLeague_stats2021-11-22,ベストスコア,44600.0,45200.0,47900.0,35600.0,53000.0,50500.0,60100.0,66700.0,44300.0,33500.0,48200.0,43900.0,62600.0,56200.0,52100.0,105500.0,51900.0,43500.0,45400.0,35400.0,44800.0,57200.0,52300.0,77200.0,38600.0,48400.0,30400.0,47400.0,40800.0,44900.0,37500.0,33300.0
MLeague_stats2021-11-22,平均打点,4680.95,5900.0,7276.47,5181.81,7123.52,6676.92,7352.38,7311.76,8316.66,6776.92,6668.42,6325.0,7178.94,5678.57,5966.66,8650.0,5164.28,6561.11,6965.0,5433.33,6920.0,7757.14,7283.33,6550.0,6435.29,7238.46,5852.94,7925.0,6431.25,5121.73,6053.84,3822.22
MLeague_stats2021-11-22,副露率,0.34,0.19,0.18,0.32,0.18,0.33,0.13,0.16,0.15,0.19,0.22,0.21,0.11,0.12,0.22,0.26,0.18,0.21,0.22,0.16,0.21,0.14,0.18,0.2,0.11,0.12,0.08,0.22,0.21,0.25,0.31,0.22
MLeague_stats2021-11-22,リーチ率,0.21,0.19,0.18,0.22,0.16,0.16,0.24,0.23,0.21,0.25,0.17,0.19,0.2,0.22,0.2,0.24,0.23,0.19,0.19,0.25,0.16,0.17,0.3,0.25,0.27,0.28,0.2,0.15,0.22,0.25,0.15,0.34
MLeague_stats2021-11-22,アガリ率,0.23,0.1,0.18,0.27,0.22,0.24,0.23,0.23,0.13,0.2,0.22,0.22,0.23,0.14,0.25,0.25,0.18,0.21,0.26,0.16,0.18,0.14,0.16,0.25,0.16,0.17,0.21,0.14,0.19,0.19,0.19,0.31
MLeague_stats2021-11-22,放銃率,0.04,0.22,0.1,0.12,0.1,0.1,0.1,0.15,0.12,0.16,0.05,0.1,0.11,0.07,0.08,0.12,0.11,0.13,0.06,0.09,0.12,0.11,0.16,0.09,0.13,0.16,0.13,0.13,0.11,0.09,0.1,0.12
MLeague_stats2021-11-22,放銃平均打点,7200.0,6957.89,5970.0,3180.0,5062.5,5327.27,3540.0,7336.36,3800.0,7990.0,5340.0,6333.33,3844.44,2914.28,5766.66,5141.66,4733.33,4327.27,5440.0,4000.0,6615.38,5518.18,6516.66,4880.0,5335.71,5308.33,6572.72,6272.72,6160.0,6945.45,6471.42,3771.42
MLeague_stats2021-11-22,チーム,drivens,drivens,drivens,drivens,EX,EX,EX,EX,sakura,sakura,sakura,sakura,konami,konami,konami,konami,abemas,abemas,abemas,abemas,sega_summy,sega_summy,sega_summy,sega_summy,raiden,raiden,raiden,raiden,u-next,u-next,u-next,u-next
